unitid,name,2013_program_name,Web_address,city,state,control,Institutional Classification,Student Access and Earnings Classification,Research Activity Designation,Award Level Focus,Academic Mix,Graduate Academic Program Mix,Size,Campus Setting,Highest Degree Awarded,Community Engagement,Leadership for Public Purpose,best_guess_inventory_url,best_guess_inventory_reason,url_tag,alt_candidate_urls,any_control_found,struct_hits_union,>0_struct_hits_found,program_title_count,program_titles_found,pdf_hits,total_controls_found,controls_sufficiency,status,error_detail,college_vine_site,college_vine_url,college_vine_ctrl_status,college_vine_program_title_count,college_vine_program_titles_found,afri_matches,ethnic_matches,black_matches,race_matches,anthropology,math,linguistics,chem,architect,economics,psychology,sociology,history,english,political_science,philosophy,computer_science,engineering,physics,geology,statistics,neuroscience
215293,University of Pittsburgh-Pittsburgh Campus,Africana Studies Department,www.pitt.edu/,Pittsburgh,Pennsylvania,Public,Mixed Undergraduate/Graduate-Doctorate Large,"Lower Access, Higher Earnings",Research 1: Very High Research Spending and Doctorate Production,Undergraduate/Graduate-Doctorate,Mixed,Professions-focused,Large,Primarily residential,Doctorate,Classified,Not Classified,http://www.pitt.edu/academics,score=84;tier=other;hubSig=0;listingLinks=0;slugDiv=0;structHits=4;ctrlStructured=1;canonicalHub=0;flags=,exceptions_seen,https://www.pitt.edu/academics|https://www.pitt.edu/about|https://www.pitt.edu/sites/default/files/2024-2025%20Faculty%20Costs%20and%20Faculty%20Workload%20PA%20Report.pdf|https://www.pitt.edu/about/regional-campuses|https://www.pitt.edu/accountability,1,BA|BS|degrees|majors|minors|programs,1,0,,,3,warning_10_MajorsFound,ok,,1,https://www.collegevine.com/schools/hub/all/d/university-of-pittsburgh-pittsburgh-campus/majors,passed_ctrl_thresh,2,"African-American/Black Studies|Ethnic, Cultural Minority, and Gender Studies, Other",,,,,0,0,0,0,0,1,0,0,1,0,0,0,0,1,0,0,0,0
236328,University of Puget Sound,African American Studies Program,www.pugetsound.edu/,Tacoma,Washington,Private not-for-profit,Special Focus: Arts and Sciences,"Lower Access, Medium Earnings","Not classified, not in classification universe",Baccalaureate,Special Focus: Arts and Sciences,Special Focus: Other Health Professions,Small,Highly residential,Doctorate,Not Classified,Not Classified,https://www.pugetsound.edu/departments-and-programs,score=424;tier=inventory;hubSig=0;listingLinks=0;slugDiv=0;structHits=2;ctrlStructured=1;canonicalHub=1;flags=,exceptions_seen,https://www.pugetsound.edu/departments-and-programs/|https://www.pugetsound.edu/academics/departments-and-programs/|https://www.pugetsound.edu/academics/departments-and-programs|https://www.pugetsound.edu/programs|https://www.pugetsound.edu/programs/,1,degrees|programs,1,1,Race and Pedagogy Institute,,1,warning_10_MajorsFound,ok,,0,https://www.collegevine.com/schools/hub/all/d/of-puget-sound/majors,cv_unresolved,0,,African,,Black,RACE|Race|Racial|race,0,0,0,0,0,0,0,0,1,0,0,0,0,0,0,0,0,0
121691,University of Redlands,Race and Ethnic Studies Department,www.redlands.edu/,Redlands,California,Private not-for-profit,Mixed Undergraduate/Graduate-Master's Large/Medium,"Opportunity Colleges and Universities-Higher Access, Higher Earnings","Not classified, not in classification universe",Undergraduate/Graduate-Master's,Mixed,Professions-focused,Medium,Highly residential,Master's,Classified,Not Classified,https://www.redlands.edu/programs/,score=502;tier=inventory;hubSig=0;listingLinks=0;slugDiv=0;structHits=5;ctrlStructured=13;canonicalHub=1;flags=,exceptions_seen,"https://www.redlands.edu/programs|https://www.redlands.edu/academics/browse-all-programs?facets=[{""id"":""ProgramTypeFacet"",""value"":[""559""]},{""id"":""AreaOfStudyFacet"",""value"":null},{""id"":""CampusLocationFacet"",""value"":null},{""id"":""LocationFacet"",""value"":null}]&orderBy=""A-Z""&searchTerm=""""&pagination={""skip"":0,""limit"":10,""total"":54}&_from=""_ProgramsAndCerts""|https://www.redlands.edu/academics/browse-all-programs|https://www.redlands.edu/academics/browse-all-programs?orderBy=""A-Z""&searchTerm=""""&facets=[{""id"":""ProgramTypeFacet"",""value"":[""559""]},{""id"":""AreaOfStudyFacet"",""value"":null},{""id"":""CampusLocationFacet"",""value"":null},{""id"":""LocationFacet"",""value"":null}]&pagination={""skip"":0,""limit"":10,""total"":60}&_from=""_ProgramsAndCerts""|https://www.redlands.edu/academics/browse-all-programs?facets=[{""id"":""ProgramTypeFacet"",""value"":[""330""]},{""id"":""AreaOfStudyFacet"",""value"":null},{""id"":""CampusLocationFacet"",""value"":null},{""id"":""LocationFacet"",""value"":null}]&orderBy=""A-Z""&searchTerm=""""&pagination={""skip"":0,""limit"":10,""total"":21}&_from=""_ProgramsAndCerts""",1,BA|bachelor|degrees|minors|programs,1,0,,,13,sufficient majors,ok,,0,https://www.collegevine.com/schools/hub/all/d/of-redlands/majors,cv_unresolved,0,,,Ethnic|ethnic-studies,Black|black-justice,Race|race,1,1,0,1,0,1,1,1,1,1,1,1,1,1,1,0,0,0
217484,University of Rhode Island,African and African American Studies Program,web.uri.edu/,Kingston,Rhode Island,Public,Mixed Undergraduate/Graduate-Doctorate Large,"Lower Access, Higher Earnings",Research 1: Very High Research Spending and Doctorate Production,Undergraduate/Graduate-Doctorate,Mixed,Professions-focused,Large,Primarily residential,Doctorate,Not Classified,Not Classified,https://web.uri.edu/academics/programs,score=444;tier=inventory;hubSig=0;listingLinks=0;slugDiv=0;structHits=4;ctrlStructured=1;canonicalHub=1;flags=,exceptions_seen,https://web.uri.edu/academics/programs/|https://web.uri.edu/advising/advising-by-major/|https://web.uri.edu/admission/first-year/|https://web.uri.edu/admission/transfer-requirements/|https://web.uri.edu/admission/quick-facts/,1,BA|BS|bachelor|degrees|majors|minors|programs,1,1,"Africana Studies, B.A.",,16,sufficient majors,ok,,0,https://www.collegevine.com/schools/hub/all/d/of-rhode-island/majors,cv_unresolved,0,,African|Africana,,,,1,1,0,1,1,1,1,1,1,1,1,1,1,1,1,1,0,1
195030,University of Rochester,Frederick Douglass Institute for African and African‐American Studies Institute,www.rochester.edu/,Rochester,New York,Private not-for-profit,Mixed Undergraduate/Graduate-Doctorate Medium,"Lower Access, Higher Earnings",Research 1: Very High Research Spending and Doctorate Production,Undergraduate/Graduate-Doctorate,Mixed,Professions-focused,Medium,Highly residential,Doctorate,Classified,Not Classified,https://www.rochester.edu/college/ph/undergrad/majors/health-policy.html,score=443;tier=inventory;hubSig=2;listingLinks=16;slugDiv=7;structHits=6;ctrlStructured=7;canonicalHub=0;flags=,exceptions_seen,https://www.rochester.edu/college/ph/undergrad/majors/health-behavior-society.html|https://www.rochester.edu/college/ph/undergrad/majors/bioethics.html|https://www.rochester.edu/college/ph/undergrad/majors/epidemiology.html|https://www.rochester.edu/college/ph/undergrad/majors/environmental-health.html|http://www.rochester.edu/college/academics/majors.html,1,BA|BS|bachelor|degrees|majors|minors|programs,1,1,Black Studies,,16,sufficient majors,ok,,0,https://www.collegevine.com/schools/hub/all/d/of-rochester/majors,cv_unresolved,0,,,Ethnicity,Black|Blackboard,Race,1,1,1,1,0,1,1,0,1,1,1,1,1,1,1,1,1,1
122436,University of San Diego,Ethnic Studies Department,www.sandiego.edu/,San Diego,California,Private not-for-profit,Mixed Undergraduate/Graduate-Doctorate Medium,"Lower Access, Higher Earnings",Research 2: High Research Spending and Doctorate Production,Undergraduate/Graduate-Doctorate,Mixed,Professions-focused,Medium,Primarily residential,Doctorate,Classified,Not Classified,https://catalog.sandiego.edu/,score=80;tier=homepage;hubSig=0;listingLinks=0;slugDiv=0;structHits=4;ctrlStructured=0;canonicalHub=0;flags=,exceptions_seen,https://www.sandiego.edu/,0,degrees|majors|minors|programs,1,0,,,0,warning_10_MajorsFound,ok,,0,https://www.collegevine.com/schools/hub/all/d/of-san-diego/majors,cv_unresolved,0,,,,,,0,0,0,0,0,0,0,0,0,0,0,0,0,0,0,0,0,0
122612,University of San Francisco,African American Studies Department,www.usfca.edu/,San Francisco,California,Private not-for-profit,Professions-focused Undergraduate/Graduate-Doctorate Medium,"Opportunity Colleges and Universities-Higher Access, Higher Earnings",Research 2: High Research Spending and Doctorate Production,Undergraduate/Graduate-Doctorate,Professions-focused,Professions-focused,Medium,Primarily residential,Doctorate,Classified,Not Classified,https://www.usfca.edu/academics/find-your-program/undergraduate?page=2,score=385;tier=inventory;hubSig=0;listingLinks=0;slugDiv=0;structHits=7;ctrlStructured=10;canonicalHub=0;flags=,exceptions_seen,https://www.usfca.edu/academics/undergraduate-experience/majors-minors?page=2|https://www.usfca.edu/academics/find-your-program/undergraduate?page=0|https://www.usfca.edu/academics/find-your-program/undergraduate|https://www.usfca.edu/academics/undergraduate-experience/majors-minors?page=0|https://www.usfca.edu/academics/undergraduate-experience/majors-minors,1,BA|BS|bachelor|degrees|majors|minors|programs,1,3,"African American Studies, Minor|African Studies, Minor|Black Achievement Success and Engagement",,13,sufficient majors,ok,,0,https://www.collegevine.com/schools/hub/all/d/of-san-francisco/majors,cv_unresolved,0,,Africa|African,ethnicity,Black,race,1,1,0,1,1,1,1,1,1,0,0,1,1,1,1,0,0,1
102094,University of South Alabama,African‐American Studies Program,www.southalabama.edu/,Mobile,Alabama,Public,Professions-focused Undergraduate/Graduate-Doctorate Medium,"Lower Access, Medium Earnings",Research 2: High Research Spending and Doctorate Production,Undergraduate/Graduate-Doctorate,Professions-focused,Special Focus: Medical Schools and Centers,Medium,Primarily residential,Doctorate,Not Classified,Not Classified,https://www.southalabama.edu/programs,score=911;tier=inventory;hubSig=5;listingLinks=146;slugDiv=76;structHits=3;ctrlStructured=14;canonicalHub=1;flags=,exceptions_seen,https://www.southalabama.edu/programs/|https://www.southalabama.edu/departments/|https://www.southalabama.edu/majorsandminors/|https://www.southalabama.edu/departments/academicaffairs/curriculum-review/|https://www.southalabama.edu/departments/academicaffairs/aboutsus.html,1,bachelor|degrees|majors|minors|programs,1,3,"African American Studies|African American Studies, Minor|Black Student Union - BSU",,16,sufficient majors,ok,,0,https://www.collegevine.com/schools/hub/all/d/of-south-alabama/majors,cv_unresolved,0,,African,,Black,,1,1,1,1,0,1,1,1,1,1,1,1,1,1,1,1,1,0
218663,University of South Carolina-Columbia,African American Studies Program,www.sc.edu/,Columbia,South Carolina,Public,Professions-focused Undergraduate/Graduate-Doctorate Large,"Lower Access, Higher Earnings",Research 1: Very High Research Spending and Doctorate Production,Undergraduate/Graduate-Doctorate,Professions-focused,Professions-focused,Large,Primarily residential,Doctorate,Classified,Not Classified,https://www.sc.edu/majors-minors/,score=1038;tier=inventory;hubSig=6;listingLinks=379;slugDiv=379;structHits=6;ctrlStructured=17;canonicalHub=1;flags=,exceptions_seen,https://www.sc.edu/majors/|https://www.sc.edu/majors-minors|https://www.sc.edu/majors|https://www.sc.edu/study/majors_and_degrees/index.php|https://www.sc.edu/study/majors_and_degrees/chemical-engineering-bse.php,1,BA|BS|bachelor|degrees|majors|minors|programs,1,1,"African American Studies, B.A.",,17,sufficient majors,ok,,0,https://www.collegevine.com/schools/hub/all/d/of-south-carolina-columbia/majors,cv_unresolved,0,,African,,Blackboard,,1,1,1,1,0,1,1,1,1,1,1,1,1,1,1,1,1,1
137351,University of South Florida,Africana Studies Department,www.usf.edu/,Tampa,Florida,Public,Mixed Undergraduate/Graduate-Doctorate Large,"Lower Access, Higher Earnings",Research 1: Very High Research Spending and Doctorate Production,Undergraduate/Graduate-Doctorate,Mixed,Professions-focused,Very Large,Residential,Doctorate,Classified,Not Classified,https://www.usf.edu/majors,score=438;tier=inventory;hubSig=0;listingLinks=0;slugDiv=0;structHits=3;ctrlStructured=2;canonicalHub=1;flags=,exceptions_seen,https://www.usf.edu/majors/|https://www.usf.edu/undergrad/programs|https://www.usf.edu/undergrad-catalog-programs-a-z|https://www.usf.edu/undergrad-catalog-military-science-and-leadership-minor-army-rotc|https://www.usf.edu/catalog,1,BA|BS|bachelor|degrees|majors|minors|programs,1,3,"Africana Studies B.A.|Africana Studies Minor|Interdisciplinary Social Sciences B.A., with Africana Studies Concentration",,17,sufficient majors,ok,,0,https://www.collegevine.com/schools/hub/all/d/of-south-florida/majors,cv_unresolved,0,,Africana,,,,1,1,1,1,1,1,1,1,1,1,1,1,1,1,1,1,1,0
123961,University of Southern California,African American Studies Program,www.usc.edu/,Los Angeles,California,Private not-for-profit,Mixed Undergraduate/Graduate-Doctorate Large,"Lower Access, Higher Earnings",Research 1: Very High Research Spending and Doctorate Production,Undergraduate/Graduate-Doctorate,Mixed,Professions-focused,Very Large,Primarily residential,Doctorate,Not Classified,Not Classified,https://www.usc.edu/academics/majors/,score=486;tier=inventory;hubSig=0;listingLinks=0;slugDiv=0;structHits=7;ctrlStructured=4;canonicalHub=1;flags=,exceptions_seen,https://www.usc.edu/majors-minors/|https://www.usc.edu/academics/majors-minors/|https://www.usc.edu/academics/majors-minors|https://www.usc.edu/majors-minors|https://www.usc.edu/academics/majors,1,BA|BS|bachelor|degrees|majors|minors|programs,1,0,,,4,warning_10_MajorsFound,ok,,0,https://www.collegevine.com/schools/hub/all/d/of-southern-california/majors,cv_unresolved,0,,,Ethnicity|ethnicity,,,0,0,0,0,1,1,0,0,1,0,0,0,0,1,0,0,0,0
176372,University of Southern Mississippi,Black Studies Center,www.usm.edu/,Hattiesburg,Mississippi,Public,Professions-focused Undergraduate/Graduate-Doctorate Medium,"Higher Access, Medium Earnings",Research 1: Very High Research Spending and Doctorate Production,Undergraduate/Graduate-Doctorate,Professions-focused,Professions-focused,Medium,Residential,Doctorate,Classified,Not Classified,https://www.usm.edu/undergraduate-programs/programs-gateway.php,score=315;tier=inventory;hubSig=0;listingLinks=0;slugDiv=0;structHits=4;ctrlStructured=0;canonicalHub=0;flags=,exceptions_seen,https://www.usm.edu/undergraduate-programs/computer-engineering.php|https://www.usm.edu/undergraduate-programs/computer-science.php|https://www.usm.edu/undergraduate-programs/architectural-engineering-technology.php|https://www.usm.edu/undergraduate-programs/art.php|https://www.usm.edu/undergraduate-programs/?type=academics-dropdown&page=6,1,BA|BS|bachelor|degrees|majors|minors|programs,1,0,,,6,warning_10_MajorsFound,ok,,0,https://www.collegevine.com/schools/hub/all/d/of-southern-mississippi/majors,cv_unresolved,0,,,,,,0,1,0,1,1,0,0,0,1,0,0,0,1,1,0,0,0,0
120883,University of the Pacific,Ethnic Studies Program,www.pacific.edu/,Stockton,California,Private not-for-profit,Mixed Undergraduate/Graduate-Doctorate Medium,"Opportunity Colleges and Universities-Higher Access, Higher Earnings","Not classified, not in classification universe",Undergraduate/Graduate-Doctorate,Mixed,Special Focus: Medical Schools and Centers,Medium,Highly residential,Doctorate,Not Classified,Not Classified,https://www.pacific.edu/liberalarts/academics/departments-and-programs,score=644;tier=inventory;hubSig=4;listingLinks=20;slugDiv=20;structHits=2;ctrlStructured=11;canonicalHub=0;flags=,403_forbidden_seen,https://www.pacific.edu/academics/majors-minors|https://www.pacific.edu/academics/majors-minors/|https://www.pacific.edu/majors|https://www.pacific.edu/majors/|https://www.pacific.edu/dental/academic-programs/pre-dentistry,1,BA|BS|bachelor|degrees|majors|minors|programs,1,4,Ethnic Studies|Ethnic Studies - Minor|Ethnic Studies Minor|Ethnic Studies Program,,14,sufficient majors,ok,,0,https://www.collegevine.com/schools/hub/all/d/of-the-pacific/majors,cv_unresolved,0,,African,Ethnic|ethnicity,Black,race,1,1,0,1,0,1,1,1,1,1,1,1,1,1,1,1,0,0
206084,University of Toledo,Africana Studies Program,www.utoledo.edu/,Toledo,Ohio,Public,Professions-focused Undergraduate/Graduate-Doctorate Medium,"Lower Access, Medium Earnings",Research 1: Very High Research Spending and Doctorate Production,Undergraduate/Graduate-Doctorate,Professions-focused,Professions-focused,Medium,Residential,Doctorate,Classified,Not Classified,"https://www.utoledo.edu/programs/?filters=undergraduate,oncampus",score=462;tier=inventory;hubSig=0;listingLinks=2;slugDiv=2;structHits=5;ctrlStructured=3;canonicalHub=1;flags=,5xx_seen,https://www.utoledo.edu/programs|https://www.utoledo.edu/programs/|https://www.utoledo.edu/programs/?utm_source=website&utm_medium=menu&utm_campaign=user-testing&utm_content=explore|https://www.utoledo.edu/programs/?filters=business|https://www.utoledo.edu/programs/?filters=undergraduate,1,bachelor|degrees|majors|minors|programs,1,0,,,3,warning_10_MajorsFound,ok,,0,https://www.collegevine.com/schools/hub/all/d/of-toledo/majors,cv_unresolved,0,,,,,,0,1,0,0,0,1,0,0,0,0,0,0,0,1,0,0,0,0
207971,University of Tulsa,African American Studies Program,utulsa.edu/,Tulsa,Oklahoma,Private not-for-profit,Mixed Undergraduate/Graduate-Doctorate Medium,"Lower Access, Higher Earnings",Research 2: High Research Spending and Doctorate Production,Undergraduate/Graduate-Doctorate,Mixed,Professions-focused,Medium,Highly residential,Doctorate,Not Classified,Not Classified,https://utulsa.edu/programs/,score=432;tier=inventory;hubSig=0;listingLinks=0;slugDiv=0;structHits=2;ctrlStructured=3;canonicalHub=1;flags=,429_rate_limited_seen,https://utulsa.edu/programs|https://utulsa.edu/academics/engineering-computer-science/departments/petroleum-engineering/|https://bulletin.utulsa.edu/|https://bulletin.utulsa.edu/misc/catalog_list.php?catoid=51|https://utulsa.edu/admission/,1,BS|majors|minors|programs,1,0,,,4,warning_10_MajorsFound,ok,,1,https://www.collegevine.com/schools/hub/all/d/university-of-tulsa/majors,passed_ctrl_thresh,0,,African,,Blackboard,race|racial,0,1,0,0,0,0,0,0,1,0,0,0,1,1,0,0,0,0
231174,University of Vermont,Ethnic Studies Program,www.uvm.edu/,Burlington,Vermont,Public,Mixed Undergraduate/Graduate-Doctorate Medium,"Lower Access, Medium Earnings",Research 1: Very High Research Spending and Doctorate Production,Undergraduate/Graduate-Doctorate,Mixed,Professions-focused,Medium,Highly residential,Doctorate,Classified,Not Classified,https://www.uvm.edu/academics/programs?search=&expose_filters=on&type%5B0%5D=478&type%5B1%5D=2743&page=5,score=468;tier=inventory;hubSig=0;listingLinks=0;slugDiv=0;structHits=4;ctrlStructured=7;canonicalHub=1;flags=,exceptions_seen,https://www.uvm.edu/academics/programs?search=&expose_filters=on&type%5B0%5D=478&page=2|https://www.uvm.edu/academics/programs?search=&expose_filters=on&type%5B0%5D=2737|https://www.uvm.edu/academics/programs?search=&expose_filters=on&type%5B0%5D=2737&page=0|https://www.uvm.edu/academics/programs?search=&expose_filters=on&type%5B0%5D=2743&page=3|https://www.uvm.edu/academics/programs?search=&expose_filters=on&type%5B0%5D=481&page=0,1,bachelor|degrees|majors|minors|programs,1,0,,,15,sufficient majors,ok,,1,https://www.collegevine.com/schools/hub/all/d/university-of-vermont/majors,passed_ctrl_thresh,0,,,,,,0,1,1,1,0,1,1,1,1,1,1,1,1,1,1,0,1,1
234076,University of Virginia-Main Campus,Carter G. Woodson Institute for African‐American and African Studies,www.virginia.edu/,Charlottesville,Virginia,Public,Mixed Undergraduate/Graduate-Doctorate Large,"Lower Access, Higher Earnings",Research 1: Very High Research Spending and Doctorate Production,Undergraduate/Graduate-Doctorate,Mixed,Professions-focused,Large,Primarily residential,Doctorate,Not Classified,Not Classified,https://www.virginia.edu/majors-minors/,score=549;tier=inventory;hubSig=0;listingLinks=0;slugDiv=0;structHits=5;ctrlStructured=16;canonicalHub=1;flags=,403_forbidden_seen,https://www.virginia.edu/academics/majors/|https://www.virginia.edu/academics/majors|https://www.virginia.edu/majors-minors|https://www.virginia.edu/undergraduate-studies/|https://www.virginia.edu/academics/,1,BA|BS|degrees|majors|minors|programs,1,1,African American and African Studies,,16,sufficient majors,ok,,1,https://www.collegevine.com/schools/hub/all/d/university-of-virginia-main-campus/majors,passed_ctrl_thresh,1,African-American/Black Studies,African,,,,1,1,1,1,1,1,1,1,1,1,0,1,1,1,1,0,1,1
236948,University of Washington-Seattle Campus,American Ethnic Studies Department,www.washington.edu/,Seattle,Washington,Public,Mixed Undergraduate/Graduate-Doctorate Large,"Lower Access, Higher Earnings",Research 1: Very High Research Spending and Doctorate Production,Undergraduate/Graduate-Doctorate,Mixed,Professions-focused,Very Large,Primarily residential,Doctorate,Classified,Not Classified,https://www.washington.edu/academics/majors,score=440;tier=inventory;hubSig=0;listingLinks=0;slugDiv=0;structHits=4;ctrlStructured=0;canonicalHub=1;flags=,exceptions_seen,https://www.washington.edu/academics/programs|https://www.washington.edu/academics/majors-minors|https://www.washington.edu/academics/programs/|https://www.washington.edu/academics/majors-minors/|https://www.washington.edu/academics/majors/,0,degrees|majors|minors|programs,1,0,,,0,warning_10_MajorsFound,ok,,0,https://www.collegevine.com/schools/hub/all/d/university-of-washington-seattle-campus/majors,cv_unresolved,0,,,,,,0,0,0,0,0,0,0,0,0,0,0,0,0,0,0,0,0,0
240329,University of Wisconsin-La Crosse,Ethnic and Racial Studies Department,www.uwlax.edu/,La Crosse,Wisconsin,Public,Mixed Undergraduate/Graduate-Master's Large/Medium,"Lower Access, Medium Earnings",Research Colleges and Universities,Undergraduate/Graduate-Master's,Mixed,Professions-focused,Medium,Primarily residential,Doctorate,Not Classified,Not Classified,https://www.uwlax.edu/programs/,score=534;tier=inventory;hubSig=0;listingLinks=0;slugDiv=0;structHits=7;ctrlStructured=16;canonicalHub=1;flags=,exceptions_seen,https://www.uwlax.edu/programs|https://www.uwlax.edu/records/majors-and-programs/|https://www.uwlax.edu/academic-affairs/student-success-catalog/|https://www.uwlax.edu/academic-affairs/recognizing-excellence/academic-unit-annual-summaries/|https://www.uwlax.edu/academics/,1,BA|BS|bachelor|degrees|majors|minors|programs,1,12,"A program within the Department of Race, Gender & Sexuality Studies|Catalog for Race, Gender & Sexuality Studies|Quick glance for Race, Gender & Sexuality Studies|Race, Gender & Sexuality Studies|Race, Gender & Sexuality Studies Catalog|Race, Gender & Sexuality Studies Department|Race, Gender & Sexuality Studies Overview|Race, Gender & Sexuality Studies Print|Race, Gender & Sexuality Studies program|Visit the Race, Gender & Sexuality Studies program page|What distinguishes UWL's Race, Gender & Sexuality Studies Program?|What is Race, Gender & Sexuality Studies?",,16,sufficient majors,ok,,0,https://www.collegevine.com/schools/hub/all/d/university-of-wisconsin-la-crosse/majors,cv_unresolved,0,,African,ethnicity,,Race|race|racial,1,1,1,1,0,1,1,1,1,1,1,1,1,1,1,0,1,1
240444,University of Wisconsin-Madison,Afro‐American Studies Department,www.wisc.edu/,Madison,Wisconsin,Public,Mixed Undergraduate/Graduate-Doctorate Large,"Lower Access, Higher Earnings",Research 1: Very High Research Spending and Doctorate Production,Undergraduate/Graduate-Doctorate,Mixed,Mixed,Very Large,Primarily residential,Doctorate,Classified,Not Classified,https://www.wisc.edu/academics/departments-and-programs/,score=480;tier=inventory;hubSig=0;listingLinks=0;slugDiv=0;structHits=2;ctrlStructured=15;canonicalHub=1;flags=,exceptions_seen,https://www.wisc.edu/academics/departments-and-programs|https://www.wisc.edu/academics/majors/|https://www.wisc.edu/academics/majors|https://www.wisc.edu/about/facts/|https://www.wisc.edu/about/nobel-prize/,1,BS|bachelor|degrees|majors|minors|programs,1,3,African Cultural Studies|African Studies|Afro-American Studies,,15,sufficient majors,ok,,0,https://www.collegevine.com/schools/hub/all/d/university-of-wisconsin-madison/majors,cv_unresolved,0,,African|Afro-American,,,,1,1,0,1,1,1,1,1,1,1,1,1,0,1,1,0,1,1
240453,University of Wisconsin-Milwaukee,Africology Department,uwm.edu/,Milwaukee,Wisconsin,Public,Mixed Undergraduate/Graduate-Doctorate Large,"Higher Access, Medium Earnings",Research 1: Very High Research Spending and Doctorate Production,Undergraduate/Graduate-Doctorate,Mixed,Professions-focused,Large,Residential,Doctorate,Classified,Not Classified,https://catalog.uwm.edu/programs/,score=528;tier=inventory;hubSig=0;listingLinks=1;slugDiv=1;structHits=6;ctrlStructured=17;canonicalHub=1;flags=,exceptions_seen,https://uwm.edu/academics/programs/|https://uwm.edu/academics/programs|https://uwm.edu/programs/|https://uwm.edu/programs|https://uwm.edu/academics/programs/?_program_type=major%2Cminor,1,BA|BS|bachelor|degrees|majors|minors|programs,1,19,"African and African Diaspora Studies|African and African Diaspora Studies Major , Minor , Master's , Doctoral|African and African Diaspora Studies, BA Undergraduate Major Letters & Science|African and African Diaspora Studies, MA|African and African Diaspora Studies, MA Graduate Master's Letters & Science|African and African Diaspora Studies, Minor|African and African Diaspora Studies, Minor Undergraduate Letters & Science Minor|African and African Diaspora Studies, PhD|African and African Diaspora Studies, PhD Graduate Doctoral Letters & Science|African and Diaspora Dance Forms|African and Diaspora Dance Forms, Undergraduate Microcredential Undergraduate Arts Arts & Architecture Microcredential|Comparative Ethnic Studies|Comparative Ethnic Studies Certificate|Comparative Ethnic Studies, Undergraduate Certificate Undergraduate Certificate Letters & Science|Middle Eastern & North African Studies|Middle Eastern & North African Studies Certificate|Middle Eastern and North African Studies, Undergraduate Certificate Undergraduate Certificate Letters & Science|Racial and Social Justice in Education|Racial and Social Justice in Education Certificate",,17,sufficient majors,ok,,1,https://www.collegevine.com/schools/hub/all/d/university-of-wisconsin-milwaukee/majors,passed_ctrl_thresh,1,African-American/Black Studies,Africa|African,Ethnic|Ethnicity|ethnicity,Black,Race|Racial|race,1,1,1,1,1,1,1,1,1,1,1,1,1,1,1,0,1,1
240365,University of Wisconsin-Oshkosh,African American Studies Program,www.uwosh.edu/,Oshkosh,Wisconsin,Public,Professions-focused Undergraduate/Graduate-Master's Large/Medium,"Higher Access, Medium Earnings","Not classified, not in classification universe",Undergraduate/Graduate-Master's,Professions-focused,Professions-focused,Medium,Primarily residential,Doctorate,Not Classified,Not Classified,https://www.uwosh.edu/academics/programs/,score=517;tier=inventory;hubSig=0;listingLinks=0;slugDiv=0;structHits=7;ctrlStructured=3;canonicalHub=1;flags=,exceptions_seen,https://www.uwosh.edu/academics/programs|https://www.uwosh.edu/academics/majors-minors-emphases/|https://www.uwosh.edu/biology/undergraduate/majors/|https://www.uwosh.edu/biology/undergraduate/majors/biology/|https://www.uwosh.edu/biology/undergraduate/majors/biology/healthcare-science/,1,BA|BS|bachelor|degrees|majors|minors|programs,1,0,,,13,sufficient majors,ok,,0,https://www.collegevine.com/schools/hub/all/d/university-of-wisconsin-oshkosh/majors,cv_unresolved,0,,African,,,race,1,1,0,1,0,1,1,1,1,1,1,1,1,1,0,1,0,0
240374,University of Wisconsin-Parkside,Ethnic Studies Center,www.uwp.edu/,Kenosha,Wisconsin,Public,Mixed Undergraduate/Graduate-Master's Large/Medium,"Higher Access, Medium Earnings","Not classified, not in classification universe",Undergraduate/Graduate-Master's,Mixed,Special Focus: Business,Medium,Residential,Master's,Classified,Not Classified,https://www.uwp.edu/programs/,score=1006;tier=inventory;hubSig=6;listingLinks=221;slugDiv=205;structHits=4;ctrlStructured=14;canonicalHub=1;flags=,exceptions_seen,https://www.uwp.edu/programs|https://www.uwp.edu/learn/programs/|https://www.uwp.edu/learn/departments/|https://www.uwp.edu/learn/departments/computerscience/|https://www.uwp.edu/learn/departments/healthsciences/prehealthprograms.cfm,1,BS|bachelor|degrees|majors|minors|programs,1,2,Center for Ethnic Studies|Ethnic Studies,,15,sufficient majors,ok,,0,https://www.collegevine.com/schools/hub/all/d/university-of-wisconsin-parkside/majors,cv_unresolved,0,,African,Ethnic|ethnicity,Black,race|racial,1,1,0,1,0,1,1,1,1,1,1,1,1,1,1,0,1,1
240189,University of Wisconsin-Whitewater,Race and Ethnic Cultures Program,www.uww.edu/,Whitewater,Wisconsin,Public,Professions-focused Undergraduate/Graduate-Master's Large/Medium,"Higher Access, Medium Earnings","Not classified, not in classification universe",Undergraduate/Graduate-Master's,Professions-focused,Professions-focused,Medium,Primarily residential,Master's,Classified,Not Classified,https://www.uww.edu/majors/,score=935;tier=inventory;hubSig=5;listingLinks=27;slugDiv=27;structHits=5;ctrlStructured=15;canonicalHub=1;flags=,exceptions_seen,https://www.uww.edu/cobe/departments/economics|https://www.uww.edu/majors|https://www.uww.edu/cobe/departments/accounting|https://www.uww.edu/cobe/departments/finance-and-business-law|https://www.uww.edu/cobe/departments/advising,1,BA|BS|bachelor|degrees|majors|minors|programs,1,2,African American Studies|Race and Ethnic Studies,,15,sufficient majors,ok,,0,https://www.collegevine.com/schools/hub/all/d/university-of-wisconsin-whitewater/majors,cv_unresolved,0,,African,Ethnic|ethnic|ethnicity,Black,Race|race|racial,1,1,0,1,0,1,1,1,1,1,1,1,1,1,1,1,1,0
240727,University of Wyoming,African American and Diaspora Studies Program,www.uwyo.edu/,Laramie,Wyoming,Public,Mixed Undergraduate/Graduate-Doctorate Medium,"Lower Access, Medium Earnings",Research 1: Very High Research Spending and Doctorate Production,Undergraduate/Graduate-Doctorate,Mixed,Professions-focused,Medium,Residential,Doctorate,Classified,Not Classified,https://www.uwyo.edu/academics/majors/,score=458;tier=inventory;hubSig=0;listingLinks=0;slugDiv=0;structHits=5;ctrlStructured=2;canonicalHub=1;flags=,403_forbidden_seen,https://www.uwyo.edu/academics/programs/|https://www.uwyo.edu/academics/majors-minors|https://www.uwyo.edu/academics/majors|https://www.uwyo.edu/academics/majors-minors/|https://www.uwyo.edu/academics/programs,1,bachelor|degrees|majors|minors|programs,1,0,,,2,warning_10_MajorsFound,ok,,1,https://www.collegevine.com/schools/hub/all/d/university-of-wyoming/majors,passed_ctrl_thresh,1,African-American/Black Studies,,,,,0,0,0,0,0,1,0,0,0,0,0,0,0,0,0,1,0,0
216524,Ursinus College,African American and Africana Studies Program,www.ursinus.edu/,Collegeville,Pennsylvania,Private not-for-profit,Special Focus: Arts and Sciences,"Lower Access, Medium Earnings","Not classified, not in classification universe",Baccalaureate,Special Focus: Arts and Sciences,N/A,Small,Highly residential,Bachelor's,Not Classified,Not Classified,https://www.ursinus.edu/academics/majors-and-minors/,score=361;tier=inventory;hubSig=0;listingLinks=0;slugDiv=0;structHits=3;ctrlStructured=14;canonicalHub=0;flags=,exceptions_seen,https://www.ursinus.edu/academics/modern-languages/majors-and-minors/chinese/|https://www.ursinus.edu/academics/modern-languages/majors-and-minors/|https://www.ursinus.edu/academics/catalog/courses/|https://www.ursinus.edu/academics/catalog/requirements-for-graduation/|https://www.ursinus.edu/academics/catalog/courses/environmental-studies/,1,BA|BS|bachelor|degrees|majors|minors|programs,1,2,African American and Africana Studies|African American and Africana Studies Program,,14,sufficient majors,ok,,1,https://www.collegevine.com/schools/hub/all/d/ursinus-college/majors,passed_ctrl_thresh,0,,Africa|African|Africana,,Black|black,Race|Racial|racial,1,1,0,1,0,1,1,1,1,1,0,1,1,1,1,0,1,1
141264,Valdosta State University,African American Studies Program,www.valdosta.edu/,Valdosta,Georgia,Public,Professions-focused Undergraduate/Graduate-Doctorate Medium,"Higher Access, Medium Earnings","Not classified, not in classification universe",Undergraduate/Graduate-Doctorate,Professions-focused,Professions-focused,Medium,Residential,Doctorate,Not Classified,Not Classified,https://www.valdosta.edu/majors/,score=830;tier=inventory;hubSig=4;listingLinks=312;slugDiv=208;structHits=7;ctrlStructured=5;canonicalHub=1;flags=,exceptions_seen,https://www.valdosta.edu/programs/|https://www.valdosta.edu/majors|https://www.valdosta.edu/programs|https://www.valdosta.edu/programs/f/associate-bachelor/|https://www.valdosta.edu/programs/f/associate-bachelor-certificates/,1,BA|BS|bachelor|degrees|majors|minors|programs,1,3,Africana Studies|Africana Studies Certificate|Minor in Africana Studies,,5,warning_10_MajorsFound,ok,,1,https://www.collegevine.com/schools/hub/all/d/valdosta-state-university/majors,passed_ctrl_thresh,0,,African|Africana,,black,race,0,1,0,0,0,0,1,0,0,1,0,0,0,1,0,0,1,0
221999,Vanderbilt University,African American and Diaspora Studies Program,www.vanderbilt.edu/,Nashville,Tennessee,Private not-for-profit,Mixed Undergraduate/Graduate-Doctorate Medium,"Lower Access, Higher Earnings",Research 1: Very High Research Spending and Doctorate Production,Undergraduate/Graduate-Doctorate,Mixed,Professions-focused,Medium,Highly residential,Doctorate,Not Classified,Not Classified,https://www.vanderbilt.edu/community-relations/programs/,score=174;tier=inventory;hubSig=0;listingLinks=0;slugDiv=0;structHits=1;ctrlStructured=1;canonicalHub=0;flags=subsiteLike,exceptions_seen,http://www.vanderbilt.edu/catalogs/index.php|http://www.vanderbilt.edu/catalogs/|https://www.vanderbilt.edu/atoz/|https://www.vanderbilt.edu/sponsored-programs/about/contact-us/|https://www.vanderbilt.edu/undergraduate-research/,1,degrees|majors|minors|programs,1,7,African American Mental Health Research Scientist Consortium|African-American & Diaspora Studies|Bishop Joseph Johnson Black Cultural Center|Black Church Studies - Kelly Miller Smith Institute on|Black and Gold Club|First Family of Black Country|Kelly Miller Smith Institute on Black Church Studies,,15,sufficient majors,ok,,1,https://www.collegevine.com/schools/hub/all/d/vanderbilt-university/majors,passed_ctrl_thresh,1,African-American/Black Studies,African,ethnic,Black|Black-ISH|Blackboard|black|black-cultural-center,race,1,1,0,1,1,1,1,1,1,1,1,1,1,1,1,0,0,1
197133,Vassar College,Africana Studies Program,www.vassar.edu/,Poughkeepsie,New York,Private not-for-profit,Special Focus: Arts and Sciences,"Lower Access, Medium Earnings",Research Colleges and Universities,Baccalaureate,Special Focus: Arts and Sciences,N/A,Small,Highly residential,Bachelor's,Not Classified,Not Classified,https://www.vassar.edu/academics/majors/,score=486;tier=inventory;hubSig=0;listingLinks=0;slugDiv=0;structHits=3;ctrlStructured=14;canonicalHub=1;flags=,exceptions_seen,https://www.vassar.edu/academics/majors|https://www.vassar.edu/academics/departments|https://www.vassar.edu/academics/departments/|https://www.vassar.edu/earth-science-and-geography/majors-and-correlates/earth-science-and-society|https://www.vassar.edu/earth-science-and-geography/majors-and-correlates/study-awaystudy-abroad,1,BA|degrees|majors|minors|programs,1,4,"Africana Studies|Africana Studies Africana Studies Arabic Language & Culture Prison Studies|Link to the Africana Studies website|Michael Reyes Salas, Assistant Professor of Africana Studies, Selected for Two Fellowships",,14,sufficient majors,ok,,1,https://www.collegevine.com/schools/hub/all/d/vassar-college/majors,passed_ctrl_thresh,1,African Studies,Africa|African|Africana|Pan-African,Ethnicity|ethnicities,black,Race,1,1,0,1,0,1,1,1,1,1,1,1,1,0,1,0,1,1
216597,Villanova University,Africana Studies Program,www.villanova.edu/,Villanova,Pennsylvania,Private not-for-profit,Mixed Undergraduate/Graduate-Doctorate Medium,"Lower Access, Higher Earnings",Research 2: High Research Spending and Doctorate Production,Undergraduate/Graduate-Doctorate,Mixed,Professions-focused,Medium,Highly residential,Doctorate,Classified,Not Classified,,,,,0,,0,0,,,0,,no_candidates,,,,,0,,,,,,0,0,0,0,0,0,0,0,0,0,0,0,0,0,0,0,0,0
234030,Virginia Commonwealth University,African American Studies Department,www.vcu.edu/,Richmond,Virginia,Public,Mixed Undergraduate/Graduate-Doctorate Large,"Higher Access, Medium Earnings",Research 1: Very High Research Spending and Doctorate Production,Undergraduate/Graduate-Doctorate,Mixed,Professions-focused,Large,Primarily residential,Doctorate,Classified,Not Classified,https://www.vcu.edu/programs/?s=College%20of%20Humanities%20and%20Sciences,score=424;tier=inventory;hubSig=0;listingLinks=6;slugDiv=3;structHits=2;ctrlStructured=1;canonicalHub=1;flags=,exceptions_seen,https://www.vcu.edu/programs/|https://www.vcu.edu/programs|https://www.vcu.edu/programs/?s=L.%20Douglas%20Wilder%20School%20of%20Government%20and%20Public%20Affairs|https://www.vcu.edu/programs/?s=College%20of%20Health%20Professions|https://www.vcu.edu/programs/?s=College%20of%20Engineering,1,degrees|programs,1,0,,,1,warning_10_MajorsFound,ok,,1,https://www.collegevine.com/schools/hub/all/d/virginia-commonwealth-university/majors,passed_ctrl_thresh,1,African-American/Black Studies,,,,,0,0,0,0,0,0,0,0,1,0,0,0,0,0,0,0,0,0
233921,Virginia Polytechnic Institute and State University,Africana Studies Program,www.vt.edu/,Blacksburg,Virginia,Public,Mixed Undergraduate/Graduate-Doctorate Large,"Lower Access, Higher Earnings",Research 1: Very High Research Spending and Doctorate Production,Undergraduate/Graduate-Doctorate,Mixed,Mixed,Large,Primarily residential,Doctorate,Classified,Not Classified,https://www.vt.edu/academics/majors/,score=1045;tier=inventory;hubSig=6;listingLinks=511;slugDiv=151;structHits=4;ctrlStructured=15;canonicalHub=1;flags=,5xx_seen,https://www.vt.edu/majors|https://www.vt.edu/majors/|https://www.vt.edu/academics/majors|https://www.vt.edu/academics/majors.html|https://www.vt.edu/academics/majors/chemistry.html,1,BA|BS|bachelor|degrees|majors|minors|programs,1,1,"Global, Government, and Ethnic Studies",,15,sufficient majors,ok,,0,https://www.collegevine.com/schools/hub/all/d/virginia-polytechnic-institute-and-state-university/majors,cv_unresolved,0,,,Ethnic,Blacksburg,,0,1,0,1,1,1,1,1,1,1,1,1,1,1,1,0,1,1
152673,Wabash College,Malcolm X Institute of Black Studies,www.wabash.edu/,Crawfordsville,Indiana,Private not-for-profit,Special Focus: Arts and Sciences,"Lower Access, Higher Earnings","Not classified, not in classification universe",Baccalaureate,Special Focus: Arts and Sciences,N/A,Small,Highly residential,Bachelor's,Not Classified,Not Classified,https://www.wabash.edu/academics/majors/,score=488;tier=inventory;hubSig=0;listingLinks=0;slugDiv=0;structHits=4;ctrlStructured=12;canonicalHub=1;flags=,exceptions_seen,https://www.wabash.edu/academics/majors|https://www.wabash.edu/programs/|https://www.wabash.edu/programs|https://www.wabash.edu/academics/engineering|https://www.wabash.edu/academics/about,1,bachelor|degrees|majors|minors|programs,1,2,Black Studies (minor)|Black Studies faculty,,12,sufficient majors,ok,,1,https://www.collegevine.com/schools/hub/all/d/wabash-college/majors,passed_ctrl_thresh,0,,,,Black|Blackness|black,race,0,1,0,1,0,1,1,0,1,1,1,1,1,1,1,0,0,1
199847,Wake Forest University,American Ethnic Studies Program,www.wfu.edu/,Winston-Salem,North Carolina,Private not-for-profit,Mixed Undergraduate/Graduate-Doctorate Medium,"Lower Access, Higher Earnings",Research 2: High Research Spending and Doctorate Production,Undergraduate/Graduate-Doctorate,Mixed,Professions-focused,Medium,Highly residential,Doctorate,Classified,Not Classified,https://www.wfu.edu/academics/majors/,score=525;tier=inventory;hubSig=0;listingLinks=0;slugDiv=0;structHits=3;ctrlStructured=15;canonicalHub=1;flags=,exceptions_seen,https://www.wfu.edu/academics/majors-minors/|https://www.wfu.edu/academics/majors-minors|https://www.wfu.edu/academics/majors|https://www.wfu.edu/academics/departments-and-programs|https://www.wfu.edu/academics/departments-and-programs/,1,degrees|majors|minors|programs,1,8,"African American Studies|African American Studies Major, Minor|African Studies|African Studies Minor|American Ethnic Studies|American Ethnic Studies Minor|Research Engagement and Collaboration in African American Life, Center for|Slavery, Race and Memory Project",,15,sufficient majors,ok,,1,https://www.collegevine.com/schools/hub/all/d/wake-forest-university/majors,passed_ctrl_thresh,0,,African,Ethnic,,Race,1,1,1,1,0,1,1,1,1,1,0,1,1,1,1,0,1,1
234207,Washington and Lee University,African American Studies Program,www.wlu.edu/,Lexington,Virginia,Private not-for-profit,Mixed Undergraduate/Graduate-Doctorate Small,"Lower Access, Higher Earnings","Not classified, not in classification universe",Undergraduate/Graduate-Doctorate,Mixed,Special Focus: Law,Small,Highly residential,Doctorate,Classified,Not Classified,https://www.wlu.edu/academics/areas-of-study,score=336;tier=inventory;hubSig=0;listingLinks=0;slugDiv=0;structHits=4;ctrlStructured=14;canonicalHub=0;flags=,exceptions_seen,https://www.wlu.edu/academics/areas-of-study/geology|https://www.wlu.edu/academics/areas-of-study/earth-and-environmental-geoscience|https://www.wlu.edu/academics/areas-of-study/environmental-studies|https://www.wlu.edu/academics/areas-of-study/anthropology|https://www.wlu.edu/academics/areas-of-study/chinese,1,BA|BS|bachelor|degrees|majors|minors|programs,1,5,Africana Studies|Africana Studies Minor|Africana Studies at W&L|DeLaney Center to Host Third Annual Race and Southern-ness Symposium|Race & Ethnic Relations,,14,sufficient majors,ok,,1,https://www.collegevine.com/schools/hub/all/d/washington-and-lee-university/majors,passed_ctrl_thresh,0,,Africa|African|Africana,Ethnic|ethnic|ethnicities|ethnicity,Black|Blackwell|black,Race|race|racial,1,1,0,1,0,1,1,1,1,1,0,1,1,1,1,1,0,1
164216,Washington College,Black Studies Program,www.washcoll.edu/,Chestertown,Maryland,Private not-for-profit,Special Focus: Arts and Sciences,"Lower Access, Medium Earnings","Not classified, not in classification universe",Baccalaureate,Special Focus: Arts and Sciences,N/A,Small,Highly residential,Bachelor's,Not Classified,Not Classified,https://www.washcoll.edu/academics/programs.php,score=346;tier=inventory;hubSig=0;listingLinks=0;slugDiv=0;structHits=5;ctrlStructured=14;canonicalHub=0;flags=,403_forbidden_seen,https://www.washcoll.edu/academics/departments.php|https://www.washcoll.edu/majors/education-studies/teacher-certification.php|https://www.washcoll.edu/majors/pre-law/index.php|https://www.washcoll.edu/majors/pre-health/index.php|https://www.washcoll.edu/majors/environmental-science/,1,BA|BS|bachelor|degrees|majors|minors|programs,1,2,Black Studies|Black Studies Minor,,14,sufficient majors,ok,,1,https://www.collegevine.com/schools/hub/all/d/washington-college/majors,passed_ctrl_thresh,0,,,,Black|black|black-related,,1,1,0,1,0,1,1,1,1,1,1,1,1,1,1,0,0,1
236939,Washington State University,"Critical Culture, Gender and Race Studies Department",wsu.edu/,Pullman,Washington,Public,Mixed Undergraduate/Graduate-Doctorate Large,"Higher Access, Medium Earnings",Research 1: Very High Research Spending and Doctorate Production,Undergraduate/Graduate-Doctorate,Mixed,Professions-focused,Large,Primarily residential,Doctorate,Classified,Not Classified,https://vetmed.wsu.edu/departments/,score=518;tier=inventory;hubSig=2;listingLinks=28;slugDiv=6;structHits=2;ctrlStructured=2;canonicalHub=1;flags=subsiteLike,exceptions_seen,http://www.vetmed.wsu.edu/|https://vetmed.wsu.edu/departments/school-of-molecular-biosciences/|https://vetmed.wsu.edu/departments/veterinary-clinical-sciences/|https://wsu.edu/campuses/|https://wsu.edu/about/,1,bachelor|degrees|majors|programs,1,0,,,3,warning_10_MajorsFound,ok,,1,https://www.collegevine.com/schools/hub/all/d/washington-state-university/majors,passed_ctrl_thresh,1,"Ethnic, Cultural Minority, and Gender Studies, Other",Africa,,,,0,0,0,0,0,0,0,0,1,0,0,0,0,0,0,0,1,1
179867,Washington University in St Louis,African and African‐American Studies Program,washu.edu/,Saint Louis,Missouri,Private not-for-profit,Mixed Undergraduate/Graduate-Doctorate Medium,"Lower Access, Higher Earnings",Research 1: Very High Research Spending and Doctorate Production,Undergraduate/Graduate-Doctorate,Mixed,Professions-focused,Medium,Highly residential,Doctorate,Not Classified,Not Classified,https://provost.washu.edu/programs-initiatives/cluster-hire/,score=184;tier=inventory;hubSig=0;listingLinks=0;slugDiv=0;structHits=2;ctrlStructured=1;canonicalHub=0;flags=subsiteLike,403_forbidden_seen,https://provost.washu.edu/programs-initiatives/faculty-diversity/|https://provost.washu.edu/programs-initiatives/danforth-campus-climate-culture/|https://provost.washu.edu/programs-initiatives/councils-and-committees/|https://provost.washu.edu/programs-initiatives/faculty-achievements/|https://provost.washu.edu/programs-initiatives/,1,majors|programs,1,5,"Africa Initiative awards new round of pilot grants|Center for the Study of Race, Ethnicity & Equity|Cluster Hire Focused on Race and Ethnicity Scholarship (2020-23)|Race and Ethnicity Cluster Hire Initiative|Race and Ethnicity Cluster Hire Initiative - 2nd Round",,1,warning_10_MajorsFound,ok,,1,https://www.collegevine.com/schools/hub/all/d/washington-university-in-st-louis/majors,passed_ctrl_thresh,1,African-American/Black Studies,Africa|African,Ethnicity|ethnicity|ethnicity-cluster-hire-initiative|ethnicity-cluster-hire-initiative-,,Race|race,0,0,0,0,0,0,0,0,0,0,0,0,0,1,0,0,0,0
172644,Wayne State University,Africana Studies Department,wayne.edu/,Detroit,Michigan,Public,Professions-focused Undergraduate/Graduate-Doctorate Large,"Higher Access, Medium Earnings",Research 1: Very High Research Spending and Doctorate Production,Undergraduate/Graduate-Doctorate,Professions-focused,Professions-focused,Large,Residential,Doctorate,Classified,Not Classified,https://wayne.edu/programs,score=518;tier=inventory;hubSig=0;listingLinks=7;slugDiv=5;structHits=5;ctrlStructured=17;canonicalHub=1;flags=,429_rate_limited_seen,https://wayne.edu/programs/|https://education.wayne.edu/programs/initial-teacher-certification-programs|https://wayne.edu/advising/pre-health/programs/physical-therapy|https://wayne.edu/advising/pre-health/programs/pa-studies|https://wayne.edu/advising/pre-health/programs/med,1,BA|BS|bachelor|degrees|majors|minors|programs,1,14,African American Studies|African American Studies ( BA )|African American Studies African American Studies|African American studies bachelor's degree career outlook|African American studies honors curriculum|African American studies major requirements|BA in African American Studies|Bachelor of Arts in African American Studies|Explore research in African American studies|Researching with the Department of African American (AFAM) Studies|What is African American studies?|Why Wayne State's African American studies major?|five scholarships to African American studies majors|research in African American studies,,17,sufficient majors,ok,,1,https://www.collegevine.com/schools/hub/all/d/wayne-state-university/majors,passed_ctrl_thresh,2,"African-American/Black Studies|Ethnic, Cultural Minority, and Gender Studies, Other",Africa|African,,Black,Race|race|racial,1,1,1,1,0,1,1,1,1,1,1,1,1,1,1,1,1,1
168218,Wellesley College,Africana Studies Department,www.wellesley.edu/,Wellesley,Massachusetts,Private not-for-profit,Special Focus: Arts and Sciences,"Lower Access, Higher Earnings",Research Colleges and Universities,Baccalaureate,Special Focus: Arts and Sciences,N/A,Small,Highly residential,Bachelor's,Not Classified,Not Classified,https://www.wellesley.edu/programs-of-study,score=338;tier=inventory;hubSig=0;listingLinks=0;slugDiv=0;structHits=3;ctrlStructured=17;canonicalHub=0;flags=,exceptions_seen,https://www.wellesley.edu/academics/departments-programs|https://www.wellesley.edu/academics/study-abroad-and-exchange|https://www.wellesley.edu/academics|https://www.wellesley.edu/academics/ai-and-the-liberal-arts|https://www.wellesley.edu/academiccalendar,1,BA|BS|degrees|majors|minors|programs,1,13,"Afiya Mbilishaka ﻿ Assistant Professor of Africana Studies and Psychology|Africana Studies|Africana major and minor|Chipo Dendere ﻿ Assistant Professor of Africana Studies|Comparative Race and Ethnicity ﻿|Comparative race and ethnicity minor|Department of Africana Studies|Filomina Steady ﻿ Professor Emerita of Africana Studies|Judith Rollins ﻿ Professor Emerita of Africana Studies|Kellie Carter Jackson ﻿ Michael and Denise Kellen '68 Associate Professor of Africana Studies|Liseli Fitzpatrick ﻿ Assistant Teaching Professor in Africana Studies|Selwyn Cudjoe ﻿ Professor Emeritus of Africana Studies|Understand and communicate the concepts, theories, and knowledge of Africana studies from a multidisciplinary perspective.",,17,sufficient majors,ok,,1,https://www.collegevine.com/schools/hub/all/d/wellesley-college/majors,passed_ctrl_thresh,1,African-American/Black Studies,Africa|African|Africana|africana|pan-African,Ethnicity|ethnic|ethnicity,Black|black-and-white,Race|race,1,1,1,1,1,1,1,1,1,1,1,1,1,1,1,0,1,1
141325,Wesleyan College,African American Studies Program,www.wesleyancollege.edu/,Macon,Georgia,Private not-for-profit,Professions-focused Baccalaureate Small,"Higher Access, Medium Earnings","Not classified, not in classification universe",Baccalaureate,Professions-focused,Professions-focused,Small,Residential,Bachelor's,Classified,Not Classified,https://www.wesleyancollege.edu/academics/undergraduate/majorsminors/majors-minors.cfm,score=361;tier=inventory;hubSig=0;listingLinks=0;slugDiv=0;structHits=7;ctrlStructured=4;canonicalHub=0;flags=,exceptions_seen,https://www.wesleyancollege.edu/academics/undergraduate/majorsminors/History-Major-Home-Page.cfm|https://www.wesleyancollege.edu/academics/undergraduate/majorsminors/art-management-major.cfm|https://www.wesleyancollege.edu/academics/undergraduate/majorsminors/Art-Major-Home-Page.cfm|https://www.wesleyancollege.edu/academics/undergraduate/majorsminors/Spanish-Major-Home-Page.cfm|https://www.wesleyancollege.edu/academics/undergraduate/majorsminors/amc-major-home-page.cfm,1,BA|BS|bachelor|degrees|majors|minors|programs,1,0,,,5,warning_10_MajorsFound,ok,,0,https://www.collegevine.com/schools/hub/all/d/allegheny-wesleyan-college/majors,cv_unresolved,0,,African,,,,0,1,0,0,0,1,1,0,1,0,0,0,0,0,0,0,0,1
216764,West Chester University of Pennsylvania,African American Studies Institute,www.wcupa.edu/,West Chester,Pennsylvania,Public,Professions-focused Undergraduate/Graduate-Doctorate Medium,"Lower Access, Medium Earnings",Research 2: High Research Spending and Doctorate Production,Undergraduate/Graduate-Doctorate,Professions-focused,Professions-focused,Medium,Primarily residential,Doctorate,Classified,Not Classified,https://www.wcupa.edu/programs,score=524;tier=inventory;hubSig=0;listingLinks=1;slugDiv=1;structHits=6;ctrlStructured=16;canonicalHub=1;flags=,exceptions_seen,https://www.wcupa.edu/programs/|https://www.wcupa.edu/departments/|https://www.wcupa.edu/departments/academicDepartments.aspx|https://www.wcupa.edu/departments/default.aspx|https://catalog.wcupa.edu/,1,BA|BS|bachelor|degrees|minors|programs,1,4,African American Studies Program|Minor in African American Studies|Minor in African/​African American Literature|Minor in Ethnic Studies,,16,sufficient majors,ok,,0,https://www.collegevine.com/schools/hub/all/d/west-chester-university-of-pennsylvania/majors,cv_unresolved,0,,African,Ethnic,,,1,1,1,1,0,1,1,1,1,1,1,1,1,1,1,1,1,0
149772,Western Illinois University,African American Studies Department,www.wiu.edu/,Macomb,Illinois,Public,Professions-focused Undergraduate/Graduate-Master's Large/Medium,"Opportunity Colleges and Universities-Higher Access, Higher Earnings",Research Colleges and Universities,Undergraduate/Graduate-Master's,Professions-focused,Professions-focused,Medium,Highly residential,Master's,Classified,Not Classified,https://www.wiu.edu/majors/,score=828;tier=inventory;hubSig=4;listingLinks=41;slugDiv=10;structHits=4;ctrlStructured=12;canonicalHub=1;flags=,exceptions_seen,https://www.wiu.edu/academics/majors/|https://www.wiu.edu/academics/majors|https://www.wiu.edu/majors|https://www.wiu.edu/catalog/2025_-_2026/programs/|https://www.wiu.edu/catalog/,1,bachelor|degrees|minors|programs,1,1,"Race, Religion, Gender, and Multidisciplinary Studies Department",,13,sufficient majors,ok,,0,https://www.collegevine.com/schools/hub/all/d/western-illinois-university/majors,cv_unresolved,0,,African,,,Race|race|racial,1,1,0,1,0,1,1,1,1,1,1,1,1,1,1,0,0,0
157951,Western Kentucky University,African American Studies Department,www.wku.edu/,Bowling Green,Kentucky,Public,Professions-focused Undergraduate/Graduate-Master's Large/Medium,"Higher Access, Medium Earnings",Research Colleges and Universities,Undergraduate/Graduate-Master's,Professions-focused,Professions-focused,Medium,Primarily residential,Doctorate,Classified,Not Classified,https://www.wku.edu/majors/,score=563;tier=inventory;hubSig=0;listingLinks=0;slugDiv=0;structHits=6;ctrlStructured=17;canonicalHub=1;flags=,exceptions_seen,https://www.wku.edu/majors|https://www.wku.edu/recreation/majors-and-minors.php|https://www.wku.edu/registrar/academic_programs.php|https://www.wku.edu/majors/index.php|https://www.wku.edu/chemistry/undergraduate_degree_programs.php,1,BA|BS|bachelor|degrees|majors|minors|programs,1,8,"African American Studies|African American Studies - Home|African American Studies Minor|Africana American Studies, Minor|Africana Studies|Africana Studies Program|Degrees & Programs African American Studies Minor|History (Africana History)",,17,sufficient majors,ok,,0,https://www.collegevine.com/schools/hub/all/d/western-kentucky-university/majors,cv_unresolved,0,,African|Africana,,Black|Blackboard,Race,1,1,0,1,1,1,1,1,1,1,1,1,1,1,1,1,1,1
172699,Western Michigan University,Africana Studies Program,wmich.edu/,Kalamazoo,Michigan,Public,Professions-focused Undergraduate/Graduate-Doctorate Large,"Lower Access, Medium Earnings",Research 2: High Research Spending and Doctorate Production,Undergraduate/Graduate-Doctorate,Professions-focused,Professions-focused,Large,Primarily residential,Doctorate,Classified,Not Classified,https://wmich.edu/majors/,score=549;tier=inventory;hubSig=0;listingLinks=1;slugDiv=1;structHits=5;ctrlStructured=16;canonicalHub=1;flags=,exceptions_seen,https://wmich.edu/majors|https://wmich.edu/communication/academics/undergraduate/majors-prior-2019/telecommunications|https://wmich.edu/communication/academics/undergraduate/majors|https://wmich.edu/communication/academics/undergraduate/majors-prior-2019/journalism|https://wmich.edu/communication/academics/undergraduate/majors-prior-2019/organizational-communication,1,BA|BS|bachelor|degrees|majors|minors|programs,1,1,African American and African Studies,,16,sufficient majors,ok,,1,https://www.collegevine.com/schools/hub/all/d/western-michigan-university/majors,passed_ctrl_thresh,1,African-American/Black Studies,African,,,,1,1,0,1,1,1,1,1,1,1,1,1,1,1,1,1,1,0
237011,Western Washington University,African American Studies Program,wwu.edu/,Bellingham,Washington,Public,Mixed Undergraduate/Graduate-Master's Large/Medium,"Opportunity Colleges and Universities-Higher Access, Higher Earnings",Research Colleges and Universities,Undergraduate/Graduate-Master's,Mixed,Professions-focused,Medium,Primarily residential,Master's,Classified,Not Classified,https://wwu.edu/majors/,score=953;tier=inventory;hubSig=5;listingLinks=76;slugDiv=75;structHits=6;ctrlStructured=17;canonicalHub=1;flags=,exceptions_seen,https://wwu.edu/majors|https://www.wwu.edu/majors|https://www.wwu.edu/majors/environmental-studies|https://wwu.edu/majors/environmental-studies|https://wwu.edu/majors/economics,1,BA|BS|bachelor|degrees|majors|minors|programs,1,1,Ethnic Studies,,17,sufficient majors,ok,,1,https://www.collegevine.com/schools/hub/all/d/western-washington-university/majors,passed_ctrl_thresh,0,,,Ethnic|ethnic|ethnicity,Black,Race|race,1,1,1,1,0,1,1,1,1,1,1,1,1,1,1,1,1,1
237057,Whitman College,Race and Ethnic Studies Program,www.whitman.edu/,Walla Walla,Washington,Private not-for-profit,Special Focus: Arts and Sciences,"Lower Access, Medium Earnings","Not classified, not in classification universe",Baccalaureate,Special Focus: Arts and Sciences,N/A,Small,Highly residential,Bachelor's,Not Classified,Not Classified,https://www.whitman.edu/academics/departments-and-programs,score=510;tier=inventory;hubSig=0;listingLinks=0;slugDiv=0;structHits=5;ctrlStructured=15;canonicalHub=1;flags=,exceptions_seen,https://www.whitman.edu/academics/departments-and-programs/|https://www.whitman.edu/academics/majors-and-programs/|https://www.whitman.edu/academics/majors-and-programs|https://www.whitman.edu/academics/majors-and-programs/engineering|https://www.whitman.edu/academics/majors-and-programs/physics,1,bachelor|degrees|majors|minors|programs,1,6,"3 Reasons to Study Indigeneity, Race & Ethnicity Studies at Whitman|Indigeneity, Race & Ethnicity Studies|Interested in Indigeneity, Race & Ethnicity Studies?|Introduction to Indigeneity, Race and Ethnicity Studies|What are some possible careers with an Indigeneity, Race & Ethnicity Studies degree?|Why major in Indigeneity, Race & Ethnicity Studies?",,15,sufficient majors,ok,,1,https://www.collegevine.com/schools/hub/all/d/whitman-college/majors,passed_ctrl_thresh,1,"Ethnic, Cultural Minority, and Gender Studies, Other",Africa,Ethnic|Ethnicity|ethnicity,Black,Race|race|racial,1,1,0,1,0,1,1,1,1,1,0,1,1,1,1,1,1,1
210401,Willamette University,American Ethnic Studies Program,www.willamette.edu/,Salem,Oregon,Private not-for-profit,Mixed Undergraduate/Graduate-Doctorate Small,"Lower Access, Medium Earnings","Not classified, not in classification universe",Undergraduate/Graduate-Doctorate,Mixed,Special Focus: Law,Small,Highly residential,Doctorate,Not Classified,Not Classified,https://www.willamette.edu/undergraduate/majors,score=325;tier=inventory;hubSig=0;listingLinks=0;slugDiv=0;structHits=5;ctrlStructured=0;canonicalHub=0;flags=,exceptions_seen,https://www.willamette.edu/undergraduate/majors/|https://www.willamette.edu/academics/college/physics/index.html|https://www.willamette.edu/academics/college/computer-science/index.html|https://www.willamette.edu/academics/college/statistics/index.html|https://www.willamette.edu/academics/college/data-science/index.html,1,BA|BS|bachelor|degrees|majors|minors|programs,1,0,,,8,warning_10_MajorsFound,ok,,1,https://www.collegevine.com/schools/hub/all/d/willamette-university/majors,passed_ctrl_thresh,1,Ethnic Studies,,,,,0,1,0,0,1,1,1,0,0,0,0,0,1,1,1,0,1,0
231624,William & Mary,Africana Studies Program,www.wm.edu/,Williamsburg,Virginia,Public,Mixed Undergraduate/Graduate-Doctorate Medium,"Lower Access, Higher Earnings",Research 1: Very High Research Spending and Doctorate Production,Undergraduate/Graduate-Doctorate,Mixed,Professions-focused,Medium,Highly residential,Doctorate,Classified,Not Classified,https://www.wm.edu/academics/programs/,score=474;tier=inventory;hubSig=0;listingLinks=0;slugDiv=0;structHits=7;ctrlStructured=1;canonicalHub=1;flags=,exceptions_seen,https://www.wm.edu/academics/programs|https://www.wm.edu/academics/majorsandminors/index.php|https://www.wm.edu/majorsminors/index.php|https://www.wm.edu/admission/undergraduateadmission/majorsandminors/index.php|https://www.wm.edu/majorsminors/computerscience/index.php,1,BA|BS|bachelor|degrees|majors|minors|programs,1,10,About Africana Studies|Africana Studies|Africana Studies Button Bar|Africana Studies News|Africana Studies Program fund|Africana Studies at W&M|Contact Africana Studies|Major in Africana Studies|Minor in Africana Studies|Support Africana Studies,,17,sufficient majors,ok,,1,https://www.collegevine.com/schools/hub/all/d/william-and-mary/majors,passed_ctrl_thresh,0,,Africa|African|Africana,,Black,race,1,1,1,1,1,1,1,1,1,1,0,1,1,1,1,1,1,1
187444,William Paterson University of New Jersey,Africana World Studies Department,www.wpunj.edu/,Wayne,New Jersey,Public,Mixed Undergraduate/Graduate-Master's Large/Medium,"Higher Access, Medium Earnings",Research Colleges and Universities,Undergraduate/Graduate-Master's,Mixed,Professions-focused,Medium,Residential,Master's,Not Classified,Not Classified,https://www.wpunj.edu/academics/online-degree-programs/index.html,score=680;tier=other;hubSig=6;listingLinks=78;slugDiv=19;structHits=7;ctrlStructured=15;canonicalHub=0;flags=,exceptions_seen,https://www.wpunj.edu/academics/index.html|https://www.wpunj.edu/academics/alternate-credentials/index.html|https://www.wpunj.edu/academics/|https://www.wpunj.edu/academics/colleges-departments.html|https://www.wpunj.edu/catalog/,1,BA|BS|bachelor|degrees|majors|minors|programs,1,0,,,15,sufficient majors,ok,,0,https://www.collegevine.com/schools/hub/all/d/william-paterson-university-of-new-jersey/majors,cv_unresolved,0,,African|Africana,Ethnic|ethnic|ethnicity,Blackboard,Racial|race,0,1,0,1,1,1,1,1,1,1,1,1,1,1,1,1,1,0
168342,Williams College,Africana Studies Program,www.williams.edu/,Williamstown,Massachusetts,Private not-for-profit,Special Focus: Arts and Sciences,"Lower Access, Higher Earnings",Research Colleges and Universities,Baccalaureate,Special Focus: Arts and Sciences,Special Focus: Arts and Sciences,Small,Highly residential,Bachelor's,Classified,Not Classified,,,,,0,,0,0,,,0,,no_candidates,,,,,0,,,,,,0,0,0,0,0,0,0,0,0,0,0,0,0,0,0,0,0,0
218964,Winthrop University,African American Studies Program,www.winthrop.edu/,Rock Hill,South Carolina,Public,Mixed Undergraduate/Graduate-Master's Large/Medium,"Higher Access, Medium Earnings",Research Colleges and Universities,Undergraduate/Graduate-Master's,Mixed,Professions-focused,Medium,Primarily residential,Master's,Classified,Not Classified,https://www.winthrop.edu/Majors/,score=506;tier=inventory;hubSig=0;listingLinks=0;slugDiv=0;structHits=5;ctrlStructured=14;canonicalHub=1;flags=,exceptions_seen,https://www.winthrop.edu/Majors|https://www.winthrop.edu/majors|https://www.winthrop.edu/majors/|https://www.winthrop.edu/majors/14/degree-program/chemistry|https://www.winthrop.edu/majors/14/degree-program/chemistry/biochemistry,1,BS|bachelor|degrees|majors|minors|programs,1,1,African-American Studies,,14,sufficient majors,ok,,0,https://www.collegevine.com/schools/hub/all/d/winthrop-university/majors,cv_unresolved,0,,African,,Blackboard,,1,1,0,1,0,1,1,1,1,1,1,1,1,1,1,1,0,0
206525,Wittenberg University,Africana and Diaspora Studies Program,www.wittenberg.edu/,Springfield,Ohio,Private not-for-profit,Special Focus: Arts and Sciences,"Higher Access, Medium Earnings","Not classified, not in classification universe",Baccalaureate,Special Focus: Arts and Sciences,Special Focus: Business,Small,Highly residential,Bachelor's,Not Classified,Not Classified,https://www.wittenberg.edu/academics/majors-minors,score=545;tier=inventory;hubSig=0;listingLinks=0;slugDiv=0;structHits=5;ctrlStructured=15;canonicalHub=1;flags=,403_forbidden_seen,https://www.wittenberg.edu/academics/majors/|https://www.wittenberg.edu/academics/majors|https://www.wittenberg.edu/academics/majors-minors/|https://www.wittenberg.edu/administration/registrar/academic-catalog|https://www.wittenberg.edu/sites/default/files/media/registrar/GraduateAcademicCatalog2025-26.pdf,1,BA|BS|bachelor|degrees|majors|minors|programs,1,4,African & Diaspora Studies Track|African and Diaspora Studies|African and Diaspora Studies in the News:|Track IV: African and Diaspora Studies,,15,sufficient majors,ok,,0,https://www.collegevine.com/schools/hub/all/d/wittenberg-university/majors,cv_unresolved,0,,AFRICAN|Africa|African,,Black|blacks,race,1,1,0,1,0,1,1,1,1,1,1,1,1,1,1,0,1,1
218973,Wofford College,African/African‐American Studies Program,www.wofford.edu/,Spartanburg,South Carolina,Private not-for-profit,Special Focus: Arts and Sciences,"Lower Access, Higher Earnings","Not classified, not in classification universe",Baccalaureate,Special Focus: Arts and Sciences,N/A,Small,Highly residential,Bachelor's,Not Classified,Not Classified,https://www.wofford.edu/majors,score=502;tier=inventory;hubSig=0;listingLinks=0;slugDiv=0;structHits=5;ctrlStructured=13;canonicalHub=1;flags=,exceptions_seen,https://www.wofford.edu/majors/|https://www.wofford.edu/academics/majors-and-programs/environmental-studies|https://www.wofford.edu/academics/majors-and-programs/education|https://www.wofford.edu/academics/majors-and-programs/theatre|https://www.wofford.edu/academics/majors-and-programs,1,BA|BS|bachelor|degrees|majors|minors|programs,1,2,African and African American Studies|Middle Eastern and North African Studies,,13,sufficient majors,ok,,1,https://www.collegevine.com/schools/hub/all/d/wofford-college/majors,passed_ctrl_thresh,0,,Africa|African,,Black,,1,1,0,1,0,1,1,1,1,1,0,1,1,1,1,0,0,1
206604,Wright State University-Main Campus,African and African American Studies Program,www.wright.edu/,Dayton,Ohio,Public,Mixed Undergraduate/Graduate-Doctorate Medium,"Higher Access, Medium Earnings",Research 2: High Research Spending and Doctorate Production,Undergraduate/Graduate-Doctorate,Mixed,Professions-focused,Medium,Residential,Doctorate,Classified,Not Classified,https://www.wright.edu/programs,score=490;tier=inventory;hubSig=0;listingLinks=0;slugDiv=0;structHits=3;ctrlStructured=15;canonicalHub=1;flags=,exceptions_seen,https://www.wright.edu/majors|https://www.wright.edu/majors/|https://www.wright.edu/programs/|https://www.wright.edu/catalog|https://www.wright.edu/catalog/,1,degrees|majors|programs,1,3,African American Experiences in Education|African American Studies in Gender Experiences in Medicine|African and African American Studies,,15,sufficient majors,ok,,0,https://www.collegevine.com/schools/hub/all/d/wright-state-university-main-campus/majors,cv_unresolved,0,,African,ethnicity,,race,1,1,0,1,0,1,1,1,1,1,1,1,1,1,1,0,1,1
130794,Yale University,African American Studies Department,www.yale.edu/,New Haven,Connecticut,Private not-for-profit,Mixed Undergraduate/Graduate-Doctorate Medium,"Lower Access, Higher Earnings",Research 1: Very High Research Spending and Doctorate Production,Undergraduate/Graduate-Doctorate,Mixed,Mixed,Medium,Highly residential,Doctorate,Not Classified,Not Classified,https://www.yale.edu/academics/departments-programs,score=338;tier=inventory;hubSig=0;listingLinks=0;slugDiv=0;structHits=3;ctrlStructured=17;canonicalHub=0;flags=,403_forbidden_seen,https://www.yale.edu/about-yale/leadership-organization/geoff-chatas|https://www.yale.edu/about-yale/leadership-organization/john-barden|https://www.yale.edu/about-yale/leadership-organization/matthew-s-t-mendelsohn|https://www.yale.edu/about-yale/leadership-organization/kimberly-goff-crews|https://www.yale.edu/about-yale/leadership-organization/joan-oneill,1,BA|BS|bachelor|degrees|majors|programs,1,3,"African Studies|Black Studies|Ethnicity, Race, & Migration",,17,sufficient majors,ok,,1,https://www.collegevine.com/schools/hub/all/d/yale-university/majors,passed_ctrl_thresh,3,"African Studies|African-American/Black Studies|Ethnic, Cultural Minority, and Gender Studies, Other",African|Afro-American,Ethnicity|ethnic,Black,Race|race,1,1,1,1,1,1,1,1,1,1,1,1,1,1,1,0,1,1
206695,Youngstown State University,Africana Studies Program,ysu.edu/,Youngstown,Ohio,Public,Professions-focused Undergraduate/Graduate-Doctorate Medium,"Lower Access, Medium Earnings",Research Colleges and Universities,Undergraduate/Graduate-Doctorate,Professions-focused,Professions-focused,Medium,Residential,Doctorate,Not Classified,Not Classified,https://catalog.ysu.edu/programs/,score=534;tier=inventory;hubSig=0;listingLinks=1;slugDiv=1;structHits=7;ctrlStructured=16;canonicalHub=1;flags=,403_forbidden_seen,https://catalog.ysu.edu/undergraduate/colleges-programs/college-liberal-arts-social-sciences-education/department-anthropology/ba-anthropology/|https://catalog.ysu.edu/undergraduate/colleges-programs/college-liberal-arts-social-sciences-education/general-studies/|https://catalog.ysu.edu/undergraduate/colleges-programs/college-liberal-arts-social-sciences-education/department-english/ba-english/|https://catalog.ysu.edu/undergraduate/colleges-programs/college-liberal-arts-social-sciences-education/department-english-world-languages/|https://catalog.ysu.edu/undergraduate/general-information/academic-policies-procedures/degrees-majors-minors/,1,BA|BS|bachelor|degrees|majors|minors|programs,1,2,Africana Studies|Minor in Africana Studies,,16,sufficient majors,ok,,1,https://www.collegevine.com/schools/hub/all/d/youngstown-state-university/majors,passed_ctrl_thresh,2,African Studies|African-American/Black Studies,African|Africana|africana,Ethnicity|ethnicities|ethnicity,Black|black,race,1,1,1,1,0,1,1,1,1,1,1,1,1,1,1,1,1,0
