unitid,name,Web_address,city,state,control,Institutional Classification,Student Access and Earnings Classification,Research Activity Designation,Award Level Focus,Academic Mix,Graduate Academic Program Mix,Size,Campus Setting,Highest Degree Awarded,Community Engagement,Leadership for Public Purpose,best_guess_inventory_url,best_guess_inventory_reason,url_tag,alt_candidate_urls,any_control_found,struct_hits_union,>0_struct_hits_found,program_title_count,program_titles_found,pdf_hits,total_controls_found,controls_sufficiency,status,error_detail,college_vine_site,college_vine_url,college_vine_ctrl_status,college_vine_program_title_count,college_vine_program_titles_found,afri_matches,ethnic_matches,black_matches,race_matches,anthropology,math,linguistics,chem,architect,economics,psychology,sociology,history,english,political_science,philosophy,computer_science,engineering,physics,geology,statistics,neuroscience
175227,Dunwoody College of Technology,,Minneapolis,Minnesota,Private not-for-profit,Special Focus: Applied and Career Studies,"Higher Access, Medium Earnings","Not classified, not in classification universe",Associate/Baccalaureate,Special Focus: Applied and Career Studies,N/A,Small,Primarily non-residential,Bachelor's,Not Classified,Not Classified,,,,,0,,0,0,,,0,,error_missing_web_address,,,,,0,,,,,,0,0,0,0,0,0,0,0,0,0,0,0,0,0,0,0,0,0
212106,Duquesne University,,Pittsburgh,Pennsylvania,Private not-for-profit,Professions-focused Undergraduate/Graduate-Doctorate Medium,"Lower Access, Higher Earnings",Research 2: High Research Spending and Doctorate Production,Undergraduate/Graduate-Doctorate,Professions-focused,Professions-focused,Medium,Highly residential,Doctorate,Classified,Not Classified,,,,,0,,0,0,,,0,,error_missing_web_address,,,,,0,,,,,,0,0,0,0,0,0,0,0,0,0,0,0,0,0,0,0,0,0
198455,Durham Technical Community College,,Durham,North Carolina,Public,Mixed Associate Medium,"Higher Access, Lower Earnings","Not classified, not in classification universe",Associate,Mixed,N/A,Medium,Online and on-campus learning,Associate,Not Classified,Not Classified,,,,,0,,0,0,,,0,,error_missing_web_address,,,,,0,,,,,,0,0,0,0,0,0,0,0,0,0,0,0,0,0,0,0,0,0
190840,Dutchess Community College,,Poughkeepsie,New York,Public,Mixed Associate Medium,"Higher Access, Medium Earnings","Not classified, not in classification universe",Associate,Mixed,N/A,Medium,Residential,Associate,Not Classified,Not Classified,,,,,0,,0,0,,,0,,error_missing_web_address,,,,,0,,,,,,0,0,0,0,0,0,0,0,0,0,0,0,0,0,0,0,0,0
220057,Dyersburg State Community College,,Dyersburg,Tennessee,Public,Mixed Associate Small,"Higher Access, Lower Earnings","Not classified, not in classification universe",Associate,Mixed,N/A,Small,"Mostly full-time, not residential",Associate,Not Classified,Not Classified,,,,,0,,0,0,,,0,,error_missing_web_address,,,,,0,,,,,,0,0,0,0,0,0,0,0,0,0,0,0,0,0,0,0,0,0
190716,D'Youville University,,Buffalo,New York,Private not-for-profit,Special Focus: Other Health Professions,"Lower Access, Higher Earnings","Not classified, not in classification universe",Undergraduate/Graduate-Doctorate,Special Focus: Other Health Professions,Special Focus: Other Health Professions,Small,Residential,Doctorate,Classified,Not Classified,,,,,0,,0,0,,,0,,error_missing_web_address,,,,,0,,,,,,0,0,0,0,0,0,0,0,0,0,0,0,0,0,0,0,0,0
496326,Eagle Gate College-Boise Campus,,Boise,Idaho,Private for-profit,Special Focus: Nursing,Not Classified,"Not classified, not in classification universe",Baccalaureate,Special Focus: Nursing,Special Focus: Nursing,Very Small,"Mostly full-time, not residential",Bachelor's,Not Classified,Not Classified,,,,,0,,0,0,,,0,,error_missing_web_address,,,,,0,,,,,,0,0,0,0,0,0,0,0,0,0,0,0,0,0,0,0,0,0
447421,Eagle Gate College-Layton,,Layton,Utah,Private for-profit,Special Focus: Nursing,"Higher Access, Medium Earnings","Not classified, not in classification universe",Baccalaureate,Special Focus: Nursing,N/A,Very Small,"Mostly full-time, not residential",Bachelor's,Not Classified,Not Classified,,,,,0,,0,0,,,0,,error_missing_web_address,,,,,0,,,,,,0,0,0,0,0,0,0,0,0,0,0,0,0,0,0,0,0,0
230366,Eagle Gate College-Murray,,Murray,Utah,Private for-profit,Special Focus: Nursing,"Higher Access, Medium Earnings","Not classified, not in classification universe",Baccalaureate,Special Focus: Nursing,Special Focus: Nursing,Very Small,"Mostly full-time, not residential",Bachelor's,Not Classified,Not Classified,,,,,0,,0,0,,,0,,error_missing_web_address,,,,,0,,,,,,0,0,0,0,0,0,0,0,0,0,0,0,0,0,0,0,0,0
106883,East Arkansas Community College,,Forrest City,Arkansas,Public,Mixed Associate Small,"Lower Access, Medium Earnings","Not classified, not in classification universe",Associate,Mixed,N/A,Small,"Mostly full-time, not residential",Associate,Not Classified,Not Classified,,,,,0,,0,0,,,0,,error_missing_web_address,,,,,0,,,,,,0,0,0,0,0,0,0,0,0,0,0,0,0,0,0,0,0,0
177250,East Central College,,Union,Missouri,Public,Mixed Associate Small,"Higher Access, Lower Earnings","Not classified, not in classification universe",Associate,Mixed,N/A,Small,"Mostly full-time, not residential",Associate,Not Classified,Not Classified,,,,,0,,0,0,,,0,,error_missing_web_address,,,,,0,,,,,,0,0,0,0,0,0,0,0,0,0,0,0,0,0,0,0,0,0
175643,East Central Community College,,Decatur,Mississippi,Public,Mixed Associate Small,"Higher Access, Medium Earnings","Not classified, not in classification universe",Associate,Mixed,N/A,Small,Primarily residential,Associate,Not Classified,Not Classified,,,,,0,,0,0,,,0,,error_missing_web_address,,,,,0,,,,,,0,0,0,0,0,0,0,0,0,0,0,0,0,0,0,0,0,0
207041,East Central University,,Ada,Oklahoma,Public,Professions-focused Undergraduate/Graduate-Master's Large/Medium,"Higher Access, Medium Earnings","Not classified, not in classification universe",Undergraduate/Graduate-Master's,Professions-focused,Professions-focused,Medium,Residential,Master's,Not Classified,Not Classified,,,,,0,,0,0,,,0,,error_missing_web_address,,,,,0,,,,,,0,0,0,0,0,0,0,0,0,0,0,0,0,0,0,0,0,0
139621,East Georgia State College,,Swainsboro,Georgia,Public,Mixed Associate Small,"Opportunity Colleges and Universities-Higher Access, Higher Earnings","Not classified, not in classification universe",Associate,Mixed,N/A,Small,Residential,Bachelor's,Not Classified,Not Classified,,,,,0,,0,0,,,0,,error_missing_web_address,,,,,0,,,,,,0,0,0,0,0,0,0,0,0,0,0,0,0,0,0,0,0,0
113856,East Los Angeles College,,Monterey Park,California,Public,Mixed Associate Large,"Higher Access, Medium Earnings","Not classified, not in classification universe",Associate,Mixed,N/A,Very Large,"Mostly part-time, not residential",Associate,Not Classified,Not Classified,,,,,0,,0,0,,,0,,error_missing_web_address,,,,,0,,,,,,0,0,0,0,0,0,0,0,0,0,0,0,0,0,0,0,0,0
175652,East Mississippi Community College,,Scooba,Mississippi,Public,Professions-focused Associate Large/Medium,"Higher Access, Medium Earnings","Not classified, not in classification universe",Associate,Professions-focused,N/A,Medium,Residential,Associate,Not Classified,Not Classified,,,,,0,,0,0,,,0,,error_missing_web_address,,,,,0,,,,,,0,0,0,0,0,0,0,0,0,0,0,0,0,0,0,0,0,0
204884,East Ohio College,,East Liverpool,Ohio,Private for-profit,Special Focus: Other Health Professions,"Higher Access, Medium Earnings","Not classified, not in classification universe",Associate,Special Focus: Other Health Professions,N/A,Very Small,"Mostly full-time, not residential",Associate,Not Classified,Not Classified,,,,,0,,0,0,,,0,,error_missing_web_address,,,,,0,,,,,,0,0,0,0,0,0,0,0,0,0,0,0,0,0,0,0,0,0
212115,East Stroudsburg University of Pennsylvania,,East Stroudsburg,Pennsylvania,Public,Professions-focused Undergraduate/Graduate-Master's Large/Medium,"Higher Access, Medium Earnings",Research Colleges and Universities,Undergraduate/Graduate-Master's,Professions-focused,Professions-focused,Medium,Highly residential,Master's,Not Classified,Not Classified,,,,,0,,0,0,,,0,,error_missing_web_address,,,,,0,,,,,,0,0,0,0,0,0,0,0,0,0,0,0,0,0,0,0,0,0
224554,East Texas A&M University,,Commerce,Texas,Public,Mixed Undergraduate/Graduate-Doctorate Medium,"Higher Access, Medium Earnings",Research 2: High Research Spending and Doctorate Production,Undergraduate/Graduate-Doctorate,Mixed,Professions-focused,Medium,Residential,Doctorate,Not Classified,Not Classified,,,,,0,,0,0,,,0,,error_missing_web_address,,,,,0,,,,,,0,0,0,0,0,0,0,0,0,0,0,0,0,0,0,0,0,0
224527,East Texas Baptist University,,Marshall,Texas,Private not-for-profit,Professions-focused Baccalaureate Small,"Lower Access, Medium Earnings","Not classified, not in classification universe",Baccalaureate,Professions-focused,Professions-focused,Small,Highly residential,Master's,Not Classified,Not Classified,,,,,0,,0,0,,,0,,error_missing_web_address,,,,,0,,,,,,0,0,0,0,0,0,0,0,0,0,0,0,0,0,0,0,0,0
439394,East West College of Natural Medicine,,Sarasota,Florida,Private for-profit,Special Focus: Other Health Professions,Not Classified,"Not classified, not in classification universe",Graduate-focused,Special Focus: Other Health Professions,Special Focus: Other Health Professions,Very Small,Graduate-focused,Master's,Not Classified,Not Classified,,,,,0,,0,0,,,0,,error_missing_web_address,,,,,0,,,,,,0,0,0,0,0,0,0,0,0,0,0,0,0,0,0,0,0,0
104577,Eastern Arizona College,,Thatcher,Arizona,Public,Mixed Associate Medium,"Lower Access, Lower Earnings","Not classified, not in classification universe",Associate,Mixed,N/A,Medium,Primarily non-residential,Associate,Not Classified,Not Classified,,,,,0,,0,0,,,0,,error_missing_web_address,,,,,0,,,,,,0,0,0,0,0,0,0,0,0,0,0,0,0,0,0,0,0,0
129215,Eastern Connecticut State University,,Willimantic,Connecticut,Public,Special Focus: Arts and Sciences,"Higher Access, Medium Earnings","Not classified, not in classification universe",Baccalaureate,Special Focus: Arts and Sciences,Professions-focused,Medium,Highly residential,Master's,Classified,Not Classified,,,,,0,,0,0,,,0,,error_missing_web_address,,,,,0,,,,,,0,0,0,0,0,0,0,0,0,0,0,0,0,0,0,0,0,0
132693,Eastern Florida State College,,Melbourne,Florida,Public,Mixed Associate/Baccalaureate,"Higher Access, Medium Earnings","Not classified, not in classification universe",Associate/Baccalaureate,Mixed,N/A,Medium,Primarily non-residential,Bachelor's,Not Classified,Not Classified,,,,,0,,0,0,,,0,,error_missing_web_address,,,,,0,,,,,,0,0,0,0,0,0,0,0,0,0,0,0,0,0,0,0,0,0
203331,Eastern Gateway Community College,,Steubenville,Ohio,Public,Professions-focused Associate Large/Medium,"Higher Access, Lower Earnings","Not classified, not in classification universe",Associate,Professions-focused,N/A,Very Large,Primarily online,Associate,Not Classified,Not Classified,,,,,0,,0,0,,,0,,error_missing_web_address,,,,,0,,,,,,0,0,0,0,0,0,0,0,0,0,0,0,0,0,0,0,0,0
421878,Eastern International College-Jersey City,,Jersey City,New Jersey,Private for-profit,Special Focus: Applied and Career Studies,"Higher Access, Medium Earnings","Not classified, not in classification universe",Associate/Baccalaureate,Special Focus: Applied and Career Studies,N/A,Small,"Mostly full-time, not residential",Bachelor's,Not Classified,Not Classified,,,,,0,,0,0,,,0,,error_missing_web_address,,,,,0,,,,,,0,0,0,0,0,0,0,0,0,0,0,0,0,0,0,0,0,0
153311,Eastern Iowa Community College District,,Davenport,Iowa,Public,Mixed Associate Medium,"Higher Access, Lower Earnings","Not classified, not in classification universe",Associate,Mixed,N/A,Medium,Primarily non-residential,Associate,Not Classified,Not Classified,,,,,0,,0,0,,,0,,error_missing_web_address,,,,,0,,,,,,0,0,0,0,0,0,0,0,0,0,0,0,0,0,0,0,0,0
161138,Eastern Maine Community College,,Bangor,Maine,Public,Professions-focused Associate Small,"Higher Access, Medium Earnings","Not classified, not in classification universe",Associate,Professions-focused,N/A,Small,Residential,Associate,Not Classified,Not Classified,,,,,0,,0,0,,,0,,error_missing_web_address,,,,,0,,,,,,0,0,0,0,0,0,0,0,0,0,0,0,0,0,0,0,0,0
232043,Eastern Mennonite University,,Harrisonburg,Virginia,Private not-for-profit,Professions-focused Undergraduate/Graduate-Master's Small,"Higher Access, Medium Earnings","Not classified, not in classification universe",Undergraduate/Graduate-Master's,Professions-focused,Professions-focused,Small,Highly residential,Master's,Not Classified,Not Classified,,,,,0,,0,0,,,0,,error_missing_web_address,,,,,0,,,,,,0,0,0,0,0,0,0,0,0,0,0,0,0,0,0,0,0,0
165644,Eastern Nazarene College,,Quincy,Massachusetts,Private not-for-profit,Professions-focused Undergraduate/Graduate-Master's Small,"Higher Access, Medium Earnings","Not classified, not in classification universe",Undergraduate/Graduate-Master's,Professions-focused,Professions-focused,Small,Highly residential,Master's,Not Classified,Not Classified,,,,,0,,0,0,,,0,,error_missing_web_address,,,,,0,,,,,,0,0,0,0,0,0,0,0,0,0,0,0,0,0,0,0,0,0
383996,Eastern New Mexico University Ruidoso Branch Community College,,Ruidoso,New Mexico,Public,Mixed Associate Small,"Lower Access, Higher Earnings","Not classified, not in classification universe",Associate,Mixed,N/A,Small,"Mostly part-time, not residential",Associate,Not Classified,Not Classified,,,,,0,,0,0,,,0,,error_missing_web_address,,,,,0,,,,,,0,0,0,0,0,0,0,0,0,0,0,0,0,0,0,0,0,0
187648,Eastern New Mexico University-Main Campus,,Portales,New Mexico,Public,Mixed Undergraduate/Graduate-Master's Large/Medium,"Higher Access, Medium Earnings","Not classified, not in classification universe",Undergraduate/Graduate-Master's,Mixed,Professions-focused,Medium,Online and on-campus learning,Master's,Not Classified,Not Classified,,,,,0,,0,0,,,0,,error_missing_web_address,,,,,0,,,,,,0,0,0,0,0,0,0,0,0,0,0,0,0,0,0,0,0,0
187666,Eastern New Mexico University-Roswell Campus,,Roswell,New Mexico,Public,Professions-focused Associate Small,"Lower Access, Higher Earnings","Not classified, not in classification universe",Associate,Professions-focused,N/A,Small,"Mostly part-time, not residential",Associate,Not Classified,Not Classified,,,,,0,,0,0,,,0,,error_missing_web_address,,,,,0,,,,,,0,0,0,0,0,0,0,0,0,0,0,0,0,0,0,0,0,0
207050,Eastern Oklahoma State College,,Wilburton,Oklahoma,Public,Professions-focused Associate Small,"Higher Access, Medium Earnings","Not classified, not in classification universe",Associate,Professions-focused,N/A,Small,Online and on-campus learning,Associate,Not Classified,Not Classified,,,,,0,,0,0,,,0,,error_missing_web_address,,,,,0,,,,,,0,0,0,0,0,0,0,0,0,0,0,0,0,0,0,0,0,0
208646,Eastern Oregon University,,La Grande,Oregon,Public,Professions-focused Baccalaureate Medium,"Higher Access, Medium Earnings","Not classified, not in classification universe",Baccalaureate,Professions-focused,Professions-focused,Medium,Online and on-campus learning,Master's,Not Classified,Not Classified,,,,,0,,0,0,,,0,,error_missing_web_address,,,,,0,,,,,,0,0,0,0,0,0,0,0,0,0,0,0,0,0,0,0,0,0
446224,Eastern School of Acupuncture and Traditional Medicine,,Bloomfield,New Jersey,Private for-profit,Special Focus: Other Health Professions,Not Classified,"Not classified, not in classification universe",Graduate-focused,Special Focus: Other Health Professions,Special Focus: Other Health Professions,Very Small,Graduate-focused,Master's,Not Classified,Not Classified,,,,,0,,0,0,,,0,,error_missing_web_address,,,,,0,,,,,,0,0,0,0,0,0,0,0,0,0,0,0,0,0,0,0,0,0
232052,Eastern Shore Community College,,Melfa,Virginia,Public,Mixed Associate Small,"Higher Access, Medium Earnings","Not classified, not in classification universe",Associate,Mixed,N/A,Small,"Mostly part-time, not residential",Associate,Not Classified,Not Classified,,,,,0,,0,0,,,0,,error_missing_web_address,,,,,0,,,,,,0,0,0,0,0,0,0,0,0,0,0,0,0,0,0,0,0,0
212133,Eastern University,,Saint Davids,Pennsylvania,Private not-for-profit,Professions-focused Undergraduate/Graduate-Master's Large/Medium,"Higher Access, Medium Earnings","Not classified, not in classification universe",Undergraduate/Graduate-Master's,Professions-focused,Professions-focused,Medium,Residential,Master's,Not Classified,Not Classified,,,,,0,,0,0,,,0,,error_missing_web_address,,,,,0,,,,,,0,0,0,0,0,0,0,0,0,0,0,0,0,0,0,0,0,0
441858,Eastern Virginia Career College,,Fredericksburg,Virginia,Private for-profit,Special Focus: Nursing,"Higher Access, Lower Earnings","Not classified, not in classification universe",Associate,Special Focus: Nursing,N/A,Very Small,"Mostly full-time, not residential",Associate,Not Classified,Not Classified,,,,,0,,0,0,,,0,,error_missing_web_address,,,,,0,,,,,,0,0,0,0,0,0,0,0,0,0,0,0,0,0,0,0,0,0
231970,Eastern Virginia Medical School,,Norfolk,Virginia,Public,Special Focus: Medical Schools and Centers,Not Classified,Research 2: High Research Spending and Doctorate Production,Graduate-focused,Special Focus: Medical Schools and Centers,Special Focus: Medical Schools and Centers,Small,Primarily online,Doctorate,Not Classified,Not Classified,,,,,0,,0,0,,,0,,error_missing_web_address,,,,,0,,,,,,0,0,0,0,0,0,0,0,0,0,0,0,0,0,0,0,0,0
438708,Eastern West Virginia Community and Technical College,,Moorefield,West Virginia,Public,Mixed Associate Small,"Higher Access, Medium Earnings","Not classified, not in classification universe",Associate,Mixed,N/A,Very Small,"Mostly full-time, not residential",Associate,Not Classified,Not Classified,,,,,0,,0,0,,,0,,error_missing_web_address,,,,,0,,,,,,0,0,0,0,0,0,0,0,0,0,0,0,0,0,0,0,0,0
240596,Eastern Wyoming College,,Torrington,Wyoming,Public,Professions-focused Associate Small,"Higher Access, Lower Earnings","Not classified, not in classification universe",Associate,Professions-focused,N/A,Small,Residential,Associate,Not Classified,Not Classified,,,,,0,,0,0,,,0,,error_missing_web_address,,,,,0,,,,,,0,0,0,0,0,0,0,0,0,0,0,0,0,0,0,0,0,0
144883,East-West University,,Chicago,Illinois,Private not-for-profit,Mixed Baccalaureate,"Higher Access, Lower Earnings","Not classified, not in classification universe",Baccalaureate,Mixed,N/A,Small,"Mostly full-time, not residential",Bachelor's,Not Classified,Not Classified,,,,,0,,0,0,,,0,,error_missing_web_address,,,,,0,,,,,,0,0,0,0,0,0,0,0,0,0,0,0,0,0,0,0,0,0
183488,Eastwick College-Hackensack,,Hackensack,New Jersey,Private for-profit,Special Focus: Business,"Higher Access, Medium Earnings","Not classified, not in classification universe",Associate,Special Focus: Business,N/A,Small,"Mostly full-time, not residential",Associate,Not Classified,Not Classified,,,,,0,,0,0,,,0,,error_missing_web_address,,,,,0,,,,,,0,0,0,0,0,0,0,0,0,0,0,0,0,0,0,0,0,0
185721,Eastwick College-Nutley,,Nutley,New Jersey,Private for-profit,Special Focus: Applied and Career Studies,"Higher Access, Lower Earnings","Not classified, not in classification universe",Associate,Special Focus: Applied and Career Studies,N/A,Small,"Mostly full-time, not residential",Associate,Not Classified,Not Classified,,,,,0,,0,0,,,0,,error_missing_web_address,,,,,0,,,,,,0,0,0,0,0,0,0,0,0,0,0,0,0,0,0,0,0,0
184959,Eastwick College-Ramsey,,Ramsey,New Jersey,Private for-profit,Special Focus: Applied and Career Studies,"Opportunity Colleges and Universities-Higher Access, Higher Earnings","Not classified, not in classification universe",Associate,Special Focus: Applied and Career Studies,N/A,Small,"Mostly part-time, not residential",Bachelor's,Not Classified,Not Classified,,,,,0,,0,0,,,0,,error_missing_web_address,,,,,0,,,,,,0,0,0,0,0,0,0,0,0,0,0,0,0,0,0,0,0,0
446233,Ecclesia College,,Springdale,Arkansas,Private not-for-profit,Professions-focused Baccalaureate Small,"Higher Access, Medium Earnings","Not classified, not in classification universe",Baccalaureate,Professions-focused,Special Focus:  Theological Studies,Very Small,Highly residential,Bachelor's,Not Classified,Not Classified,,,,,0,,0,0,,,0,,error_missing_web_address,,,,,0,,,,,,0,0,0,0,0,0,0,0,0,0,0,0,0,0,0,0,0,0
133492,Eckerd College,,Saint Petersburg,Florida,Private not-for-profit,Special Focus: Arts and Sciences,"Lower Access, Medium Earnings","Not classified, not in classification universe",Baccalaureate,Special Focus: Arts and Sciences,N/A,Small,Highly residential,Bachelor's,Not Classified,Not Classified,,,,,0,,0,0,,,0,,error_missing_web_address,,,,,0,,,,,,0,0,0,0,0,0,0,0,0,0,0,0,0,0,0,0,0,0
248934,ECPI University,,Virginia Beach,Virginia,Private for-profit,Special Focus: Applied and Career Studies,"Higher Access, Medium Earnings","Not classified, not in classification universe",Associate/Baccalaureate,Special Focus: Applied and Career Studies,Professions-focused,Medium,"Mostly full-time, not residential",Master's,Not Classified,Not Classified,,,,,0,,0,0,,,0,,error_missing_web_address,,,,,0,,,,,,0,0,0,0,0,0,0,0,0,0,0,0,0,0,0,0,0,0
247162,Ecumenical Theological Seminary,,Detroit,Michigan,Private not-for-profit,Special Focus: Theological Studies,Not Classified,"Not classified, not in classification universe",Graduate-focused,Special Focus:  Theological Studies,Special Focus:  Theological Studies,Very Small,"Mostly part-time, not residential",Doctorate,Not Classified,Not Classified,,,,,0,,0,0,,,0,,error_missing_web_address,,,,,0,,,,,,0,0,0,0,0,0,0,0,0,0,0,0,0,0,0,0,0,0
177278,Eden Theological Seminary,,Webster Groves,Missouri,Private not-for-profit,Special Focus: Theological Studies,Not Classified,"Not classified, not in classification universe",Graduate-focused,Special Focus:  Theological Studies,Special Focus:  Theological Studies,Very Small,Graduate-focused,Master's,Not Classified,Not Classified,,,,,0,,0,0,,,0,,error_missing_web_address,,,,,0,,,,,,0,0,0,0,0,0,0,0,0,0,0,0,0,0,0,0,0,0
198491,Edgecombe Community College,,Tarboro,North Carolina,Public,Special Focus: Other Health Professions,"Higher Access, Medium Earnings","Not classified, not in classification universe",Associate,Special Focus: Other Health Professions,N/A,Small,Online and on-campus learning,Associate,Not Classified,Not Classified,,,,,0,,0,0,,,0,,error_missing_web_address,,,,,0,,,,,,0,0,0,0,0,0,0,0,0,0,0,0,0,0,0,0,0,0
238661,Edgewood College,,Madison,Wisconsin,Private not-for-profit,Professions-focused Undergraduate/Graduate-Doctorate Small,"Higher Access, Medium Earnings","Not classified, not in classification universe",Undergraduate/Graduate-Doctorate,Professions-focused,Professions-focused,Small,Primarily residential,Doctorate,Classified,Not Classified,,,,,0,,0,0,,,0,,error_missing_web_address,,,,,0,,,,,,0,0,0,0,0,0,0,0,0,0,0,0,0,0,0,0,0,0
202648,Edison State Community College,,Piqua,Ohio,Public,Professions-focused Associate Large/Medium,"Lower Access, Medium Earnings","Not classified, not in classification universe",Associate,Professions-focused,N/A,Medium,"Mostly part-time, not residential",Associate,Not Classified,Not Classified,,,,,0,,0,0,,,0,,error_missing_web_address,,,,,0,,,,,,0,0,0,0,0,0,0,0,0,0,0,0,0,0,0,0,0,0
235103,Edmonds College,,Lynnwood,Washington,Public,Mixed Associate Medium,"Higher Access, Lower Earnings","Not classified, not in classification universe",Associate,Mixed,N/A,Medium,Primarily non-residential,Bachelor's,Not Classified,Not Classified,,,,,0,,0,0,,,0,,error_missing_web_address,,,,,0,,,,,,0,0,0,0,0,0,0,0,0,0,0,0,0,0,0,0,0,0
243832,EDP University of Puerto Rico Inc-San Juan,,San Juan,Puerto Rico,Private not-for-profit,Special Focus: Nursing,"Higher Access, Medium Earnings","Not classified, not in classification universe",Associate/Baccalaureate,Special Focus: Nursing,Professions-focused,Small,"Mostly part-time, not residential",Bachelor's,Not Classified,Not Classified,,,,,0,,0,0,,,0,,error_missing_web_address,,,,,0,,,,,,0,0,0,0,0,0,0,0,0,0,0,0,0,0,0,0,0,0
241836,EDP University of Puerto Rico Inc-San Sebastian,,San Sebastian,Puerto Rico,Private not-for-profit,Special Focus: Nursing,"Opportunity Colleges and Universities-Higher Access, Higher Earnings","Not classified, not in classification universe",Associate/Baccalaureate,Special Focus: Nursing,Special Focus: Other Health Professions,Small,"Mostly part-time, not residential",Bachelor's,Not Classified,Not Classified,,,,,0,,0,0,,,0,,error_missing_web_address,,,,,0,,,,,,0,0,0,0,0,0,0,0,0,0,0,0,0,0,0,0,0,0
494278,EDP University of Puerto Rico-Humacao,,Humacao,Puerto Rico,Private not-for-profit,Special Focus: Nursing,Not Classified,"Not classified, not in classification universe",Associate,Special Focus: Nursing,N/A,Very Small,"Mostly part-time, not residential",Bachelor's,Not Classified,Not Classified,,,,,0,,0,0,,,0,,error_missing_web_address,,,,,0,,,,,,0,0,0,0,0,0,0,0,0,0,0,0,0,0,0,0,0,0
494287,EDP University of Puerto Rico-Manati,,Manati,Puerto Rico,Private not-for-profit,Special Focus: Nursing,Not Classified,"Not classified, not in classification universe",Associate,Special Focus: Nursing,N/A,Small,"Mostly part-time, not residential",Bachelor's,Not Classified,Not Classified,,,,,0,,0,0,,,0,,error_missing_web_address,,,,,0,,,,,,0,0,0,0,0,0,0,0,0,0,0,0,0,0,0,0,0,0
492476,EDP University of Puerto Rico-Villalba,,Villalba,Puerto Rico,Private not-for-profit,Special Focus: Nursing,Not Classified,"Not classified, not in classification universe",Associate,Special Focus: Nursing,N/A,Very Small,"Mostly part-time, not residential",Bachelor's,Not Classified,Not Classified,,,,,0,,0,0,,,0,,error_missing_web_address,,,,,0,,,,,,0,0,0,0,0,0,0,0,0,0,0,0,0,0,0,0,0,0
442806,Edward Via College of Osteopathic Medicine,,Blacksburg,Virginia,Private not-for-profit,Special Focus: Medical Schools and Centers,Not Classified,Research Colleges and Universities,Graduate-focused,Special Focus: Medical Schools and Centers,Special Focus: Medical Schools and Centers,Small,Graduate-focused,Doctorate,Not Classified,Not Classified,,,,,0,,0,0,,,0,,error_missing_web_address,,,,,0,,,,,,0,0,0,0,0,0,0,0,0,0,0,0,0,0,0,0,0,0
133526,Edward Waters University,,Jacksonville,Florida,Private not-for-profit,Special Focus: Arts and Sciences,"Higher Access, Medium Earnings","Not classified, not in classification universe",Baccalaureate,Special Focus: Arts and Sciences,Special Focus: Business,Small,Highly residential,Bachelor's,Not Classified,Not Classified,,,,,0,,0,0,,,0,,error_missing_web_address,,,,,0,,,,,,0,0,0,0,0,0,0,0,0,0,0,0,0,0,0,0,0,0
113980,El Camino Community College District,,Torrance,California,Public,Mixed Associate Large,"Higher Access, Medium Earnings","Not classified, not in classification universe",Associate,Mixed,N/A,Large,"Mostly part-time, not residential",Associate,Not Classified,Not Classified,,,,,0,,0,0,,,0,,error_missing_web_address,,,,,0,,,,,,0,0,0,0,0,0,0,0,0,0,0,0,0,0,0,0,0,0
224642,El Paso Community College,,El Paso,Texas,Public,Mixed Associate Large,"Lower Access, Higher Earnings","Not classified, not in classification universe",Associate,Mixed,N/A,Large,"Mostly part-time, not residential",Associate,Not Classified,Not Classified,,,,,0,,0,0,,,0,,error_missing_web_address,,,,,0,,,,,,0,0,0,0,0,0,0,0,0,0,0,0,0,0,0,0,0,0
144944,Elgin Community College,,Elgin,Illinois,Public,Mixed Associate Medium,"Higher Access, Lower Earnings","Not classified, not in classification universe",Associate,Mixed,N/A,Medium,"Mostly part-time, not residential",Associate,Not Classified,Not Classified,,,,,0,,0,0,,,0,,error_missing_web_address,,,,,0,,,,,,0,0,0,0,0,0,0,0,0,0,0,0,0,0,0,0,0,0
488305,Elim Bible Institute and College,,Lima,New York,Private not-for-profit,Special Focus: Theological Studies,Not Classified,"Not classified, not in classification universe",Associate/Baccalaureate,Special Focus:  Theological Studies,N/A,Very Small,Residential,Bachelor's,Not Classified,Not Classified,,,,,0,,0,0,,,0,,error_missing_web_address,,,,,0,,,,,,0,0,0,0,0,0,0,0,0,0,0,0,0,0,0,0,0,0
198507,Elizabeth City State University,,Elizabeth City,North Carolina,Public,Professions-focused Baccalaureate Small,"Higher Access, Medium Earnings","Not classified, not in classification universe",Baccalaureate,Professions-focused,Professions-focused,Small,Highly residential,Bachelor's,Not Classified,Not Classified,,,,,0,,0,0,,,0,,error_missing_web_address,,,,,0,,,,,,0,0,0,0,0,0,0,0,0,0,0,0,0,0,0,0,0,0
212197,Elizabethtown College,,Elizabethtown,Pennsylvania,Private not-for-profit,Mixed Baccalaureate,"Lower Access, Medium Earnings","Not classified, not in classification universe",Baccalaureate,Mixed,Special Focus: Other Health Professions,Small,Highly residential,Master's,Classified,Not Classified,,,,,0,,0,0,,,0,,error_missing_web_address,,,,,0,,,,,,0,0,0,0,0,0,0,0,0,0,0,0,0,0,0,0,0,0
156648,Elizabethtown Community and Technical College,,Elizabethtown,Kentucky,Public,Mixed Associate Medium,"Higher Access, Medium Earnings","Not classified, not in classification universe",Associate,Mixed,N/A,Medium,"Mostly part-time, not residential",Associate,Not Classified,Not Classified,,,,,0,,0,0,,,0,,error_missing_web_address,,,,,0,,,,,,0,0,0,0,0,0,0,0,0,0,0,0,0,0,0,0,0,0
153296,Ellsworth Community College,,Iowa Falls,Iowa,Public,Mixed Associate Small,"Higher Access, Medium Earnings","Not classified, not in classification universe",Associate,Mixed,N/A,Small,Highly residential,Associate,Not Classified,Not Classified,,,,,0,,0,0,,,0,,error_missing_web_address,,,,,0,,,,,,0,0,0,0,0,0,0,0,0,0,0,0,0,0,0,0,0,0
486080,Elmezzi Graduate School of Molecular Medicine,,Manhasset,New York,Private not-for-profit,"Special Focus: Technology, Engineering, and Sciences",Not Classified,"Not classified, not in classification universe",Graduate-focused,"Special Focus: Technology, Engineering, and Sciences","Special Focus: Technology, Engineering, and Sciences",Very Small,Graduate-focused,Doctorate,Not Classified,Not Classified,,,,,0,,0,0,,,0,,error_missing_web_address,,,,,0,,,,,,0,0,0,0,0,0,0,0,0,0,0,0,0,0,0,0,0,0
190983,Elmira College,,Elmira,New York,Private not-for-profit,Professions-focused Baccalaureate Small,"Lower Access, Medium Earnings","Not classified, not in classification universe",Baccalaureate,Professions-focused,Professions-focused,Small,Highly residential,Bachelor's,Not Classified,Not Classified,,,,,0,,0,0,,,0,,error_missing_web_address,,,,,0,,,,,,0,0,0,0,0,0,0,0,0,0,0,0,0,0,0,0,0,0
490346,Elyon College,,Brooklyn,New York,Private not-for-profit,Special Focus: Theological Studies,Not Classified,"Not classified, not in classification universe",Associate,Special Focus:  Theological Studies,N/A,Very Small,"Mostly full-time, not residential",Associate,Not Classified,Not Classified,,,,,0,,0,0,,,0,,error_missing_web_address,,,,,0,,,,,,0,0,0,0,0,0,0,0,0,0,0,0,0,0,0,0,0,0
133553,Embry-Riddle Aeronautical University-Daytona Beach,,Daytona Beach,Florida,Private not-for-profit,Professions-focused Undergraduate/Graduate-Master's Large/Medium,"Lower Access, Higher Earnings",Research 2: High Research Spending and Doctorate Production,Undergraduate/Graduate-Master's,Professions-focused,"Special Focus: Technology, Engineering, and Sciences",Medium,Primarily residential,Doctorate,Not Classified,Not Classified,,,,,0,,0,0,,,0,,error_missing_web_address,,,,,0,,,,,,0,0,0,0,0,0,0,0,0,0,0,0,0,0,0,0,0,0
104586,Embry-Riddle Aeronautical University-Prescott,,Prescott,Arizona,Private not-for-profit,Mixed Baccalaureate,"Lower Access, Higher Earnings","Not classified, not in classification universe",Baccalaureate,Mixed,Professions-focused,Small,Primarily residential,Bachelor's,Not Classified,Not Classified,,,,,0,,0,0,,,0,,error_missing_web_address,,,,,0,,,,,,0,0,0,0,0,0,0,0,0,0,0,0,0,0,0,0,0,0
426314,Embry-Riddle Aeronautical University-Worldwide,,Daytona Beach,Florida,Private not-for-profit,Professions-focused Undergraduate/Graduate-Master's Large/Medium,"Lower Access, Higher Earnings","Not classified, not in classification universe",Undergraduate/Graduate-Master's,Professions-focused,Professions-focused,Medium,Primarily online,Master's,Not Classified,Not Classified,,,,,0,,0,0,,,0,,error_missing_web_address,,,,,0,,,,,,0,0,0,0,0,0,0,0,0,0,0,0,0,0,0,0,0,0
165662,Emerson College,,Boston,Massachusetts,Private not-for-profit,"Special Focus: Arts, Music, and Design","Lower Access, Higher Earnings","Not classified, not in classification universe",Undergraduate/Graduate-Master's,"Special Focus: Arts, Music, and Design",Professions-focused,Medium,Highly residential,Master's,Classified,Not Classified,,,,,0,,0,0,,,0,,error_missing_web_address,,,,,0,,,,,,0,0,0,0,0,0,0,0,0,0,0,0,0,0,0,0,0,0
139630,Emmanuel University,,Franklin Springs,Georgia,Private not-for-profit,Professions-focused Baccalaureate Small,"Lower Access, Medium Earnings","Not classified, not in classification universe",Baccalaureate,Professions-focused,N/A,Small,Highly residential,Bachelor's,Not Classified,Not Classified,,,,,0,,0,0,,,0,,error_missing_web_address,,,,,0,,,,,,0,0,0,0,0,0,0,0,0,0,0,0,0,0,0,0,0,0
165671,Emmanuel College,,Boston,Massachusetts,Private not-for-profit,Special Focus: Arts and Sciences,"Lower Access, Medium Earnings","Not classified, not in classification universe",Baccalaureate,Special Focus: Arts and Sciences,Special Focus: Business,Small,Highly residential,Bachelor's,Not Classified,Not Classified,,,,,0,,0,0,,,0,,error_missing_web_address,,,,,0,,,,,,0,0,0,0,0,0,0,0,0,0,0,0,0,0,0,0,0,0
153302,Emmaus University,,Dubuque,Iowa,Private not-for-profit,Special Focus: Theological Studies,Not Classified,"Not classified, not in classification universe",Baccalaureate,Special Focus:  Theological Studies,N/A,Very Small,Highly residential,Bachelor's,Not Classified,Not Classified,,,,,0,,0,0,,,0,,error_missing_web_address,,,,,0,,,,,,0,0,0,0,0,0,0,0,0,0,0,0,0,0,0,0,0,0
232025,Emory & Henry University,,Emory,Virginia,Private not-for-profit,Mixed Undergraduate/Graduate-Doctorate Small,"Higher Access, Medium Earnings","Not classified, not in classification universe",Undergraduate/Graduate-Doctorate,Mixed,Special Focus: Other Health Professions,Small,Highly residential,Doctorate,Classified,Not Classified,,,,,0,,0,0,,,0,,error_missing_web_address,,,,,0,,,,,,0,0,0,0,0,0,0,0,0,0,0,0,0,0,0,0,0,0
487092,Emory University-Oxford College,,Oxford,Georgia,Private not-for-profit,Mixed Associate Small,Not Classified,"Not classified, not in classification universe",Associate,Mixed,N/A,Small,Highly residential,Associate,Not Classified,Not Classified,,,,,0,,0,0,,,0,,error_missing_web_address,,,,,0,,,,,,0,0,0,0,0,0,0,0,0,0,0,0,0,0,0,0,0,0
114114,Emperor's College of Traditional Oriental Medicine,,Santa Monica,California,Private for-profit,Special Focus: Other Health Professions,Not Classified,"Not classified, not in classification universe",Graduate-focused,Special Focus: Other Health Professions,Special Focus: Other Health Professions,Very Small,Graduate-focused,Master's,Not Classified,Not Classified,,,,,0,,0,0,,,0,,error_missing_web_address,,,,,0,,,,,,0,0,0,0,0,0,0,0,0,0,0,0,0,0,0,0,0,0
114123,Empire College,,Santa Rosa,California,Private for-profit,Special Focus: Applied and Career Studies,Not Classified,"Not classified, not in classification universe",Associate/Baccalaureate,Special Focus: Applied and Career Studies,Special Focus: Law,Very Small,Primarily online,Associate,Not Classified,Not Classified,,,,,0,,0,0,,,0,,error_missing_web_address,,,,,0,,,,,,0,0,0,0,0,0,0,0,0,0,0,0,0,0,0,0,0,0
196264,Empire State University,,Saratoga Springs,New York,Public,Professions-focused Undergraduate/Graduate-Master's Large/Medium,"Higher Access, Medium Earnings","Not classified, not in classification universe",Undergraduate/Graduate-Master's,Professions-focused,Professions-focused,Medium,"Mostly part-time, not residential",Master's,Not Classified,Not Classified,,,,,0,,0,0,,,0,,error_missing_web_address,,,,,0,,,,,,0,0,0,0,0,0,0,0,0,0,0,0,0,0,0,0,0,0
165699,Endicott College,,Beverly,Massachusetts,Private not-for-profit,Professions-focused Undergraduate/Graduate-Doctorate Medium,"Lower Access, Medium Earnings","Not classified, not in classification universe",Undergraduate/Graduate-Doctorate,Professions-focused,Professions-focused,Medium,Highly residential,Doctorate,Not Classified,Not Classified,,,,,0,,0,0,,,0,,error_missing_web_address,,,,,0,,,,,,0,0,0,0,0,0,0,0,0,0,0,0,0,0,0,0,0,0
230418,Ensign College,,Salt Lake City,Utah,Private not-for-profit,Mixed Associate Medium,"Lower Access, Medium Earnings","Not classified, not in classification universe",Associate,Mixed,N/A,Medium,Online and on-campus learning,Bachelor's,Not Classified,Not Classified,,,,,0,,0,0,,,0,,error_missing_web_address,,,,,0,,,,,,0,0,0,0,0,0,0,0,0,0,0,0,0,0,0,0,0,0
101143,Enterprise State Community College,,Enterprise,Alabama,Public,Mixed Associate Small,"Opportunity Colleges and Universities-Higher Access, Higher Earnings","Not classified, not in classification universe",Associate,Mixed,N/A,Small,"Mostly full-time, not residential",Associate,Not Classified,Not Classified,,,,,0,,0,0,,,0,,error_missing_web_address,,,,,0,,,,,,0,0,0,0,0,0,0,0,0,0,0,0,0,0,0,0,0,0
124487,Epic Bible College & Graduate School,,Sacramento,California,Private not-for-profit,Special Focus: Theological Studies,Not Classified,"Not classified, not in classification universe",Associate/Baccalaureate,Special Focus:  Theological Studies,Special Focus:  Theological Studies,Very Small,"Mostly part-time, not residential",Bachelor's,Not Classified,Not Classified,,,,,0,,0,0,,,0,,error_missing_web_address,,,,,0,,,,,,0,0,0,0,0,0,0,0,0,0,0,0,0,0,0,0,0,0
224712,Episcopal Theological Seminary of the Southwest,,Austin,Texas,Private not-for-profit,Special Focus: Theological Studies,Not Classified,"Not classified, not in classification universe",Graduate-focused,Special Focus:  Theological Studies,Special Focus:  Theological Studies,Very Small,Graduate-focused,Master's,Not Classified,Not Classified,,,,,0,,0,0,,,0,,error_missing_web_address,,,,,0,,,,,,0,0,0,0,0,0,0,0,0,0,0,0,0,0,0,0,0,0
191083,Erie Community College,,Buffalo,New York,Public,Professions-focused Associate Large/Medium,"Higher Access, Medium Earnings","Not classified, not in classification universe",Associate,Professions-focused,N/A,Medium,"Mostly full-time, not residential",Associate,Not Classified,Not Classified,,,,,0,,0,0,,,0,,error_missing_web_address,,,,,0,,,,,,0,0,0,0,0,0,0,0,0,0,0,0,0,0,0,0,0,0
212434,Erie Institute of Technology Inc,,Erie,Pennsylvania,Private for-profit,Mixed Associate Small,"Higher Access, Medium Earnings","Not classified, not in classification universe",Associate,Mixed,N/A,Very Small,"Mostly full-time, not residential",Associate,Not Classified,Not Classified,,,,,0,,0,0,,,0,,error_missing_web_address,,,,,0,,,,,,0,0,0,0,0,0,0,0,0,0,0,0,0,0,0,0,0,0
409254,Erikson Institute,,Chicago,Illinois,Private not-for-profit,Special Focus: Graduate Studies,Not Classified,"Not classified, not in classification universe",Graduate-focused,Special Focus: Graduate Studies,Professions-focused,Very Small,Graduate-focused,Master's,Not Classified,Not Classified,,,,,0,,0,0,,,0,,error_missing_web_address,,,,,0,,,,,,0,0,0,0,0,0,0,0,0,0,0,0,0,0,0,0,0,0
217998,Erskine College,,Due West,South Carolina,Private not-for-profit,Professions-focused Baccalaureate Small,"Higher Access, Medium Earnings","Not classified, not in classification universe",Baccalaureate,Professions-focused,Special Focus:  Theological Studies,Small,Highly residential,Bachelor's,Not Classified,Not Classified,,,,,0,,0,0,,,0,,error_missing_web_address,,,,,0,,,,,,0,0,0,0,0,0,0,0,0,0,0,0,0,0,0,0,0,0
241951,Escuela de Artes Plasticas y Diseno de Puerto Rico,,San Juan,Puerto Rico,Public,"Special Focus: Arts, Music, and Design","Opportunity Colleges and Universities-Higher Access, Higher Earnings","Not classified, not in classification universe",Baccalaureate,"Special Focus: Arts, Music, and Design",N/A,Small,"Mostly full-time, not residential",Bachelor's,Not Classified,Not Classified,,,,,0,,0,0,,,0,,error_missing_web_address,,,,,0,,,,,,0,0,0,0,0,0,0,0,0,0,0,0,0,0,0,0,0,0
184481,Essex County College,,Newark,New Jersey,Public,Professions-focused Associate Large/Medium,"Higher Access, Lower Earnings","Not classified, not in classification universe",Associate,Professions-focused,N/A,Medium,"Mostly part-time, not residential",Associate,Not Classified,Not Classified,,,,,0,,0,0,,,0,,error_missing_web_address,,,,,0,,,,,,0,0,0,0,0,0,0,0,0,0,0,0,0,0,0,0,0,0
384333,Estrella Mountain Community College,,Avondale,Arizona,Public,Mixed Associate Medium,"Higher Access, Medium Earnings","Not classified, not in classification universe",Associate,Mixed,N/A,Medium,"Mostly part-time, not residential",Associate,Not Classified,Not Classified,,,,,0,,0,0,,,0,,error_missing_web_address,,,,,0,,,,,,0,0,0,0,0,0,0,0,0,0,0,0,0,0,0,0,0,0
200590,ETI Technical College of Niles,,Niles,Ohio,Private for-profit,Special Focus: Nursing,"Higher Access, Medium Earnings","Not classified, not in classification universe",Associate,Special Focus: Nursing,N/A,Very Small,"Mostly full-time, not residential",Associate,Not Classified,Not Classified,,,,,0,,0,0,,,0,,error_missing_web_address,,,,,0,,,,,,0,0,0,0,0,0,0,0,0,0,0,0,0,0,0,0,0,0
144971,Eureka College,,Eureka,Illinois,Private not-for-profit,Professions-focused Baccalaureate Small,"Lower Access, Medium Earnings","Not classified, not in classification universe",Baccalaureate,Professions-focused,N/A,Small,Highly residential,Bachelor's,Not Classified,Not Classified,,,,,0,,0,0,,,0,,error_missing_web_address,,,,,0,,,,,,0,0,0,0,0,0,0,0,0,0,0,0,0,0,0,0,0,0
177339,Evangel University,,Springfield,Missouri,Private not-for-profit,Professions-focused Undergraduate/Graduate-Doctorate Small,"Lower Access, Medium Earnings","Not classified, not in classification universe",Undergraduate/Graduate-Doctorate,Professions-focused,Professions-focused,Small,Highly residential,Doctorate,Not Classified,Not Classified,,,,,0,,0,0,,,0,,error_missing_web_address,,,,,0,,,,,,0,0,0,0,0,0,0,0,0,0,0,0,0,0,0,0,0,0
