unitid,name,Web_address,city,state,control,Institutional Classification,Student Access and Earnings Classification,Research Activity Designation,Award Level Focus,Academic Mix,Graduate Academic Program Mix,Size,Campus Setting,Highest Degree Awarded,Community Engagement,Leadership for Public Purpose,best_guess_inventory_url,best_guess_inventory_reason,url_tag,alt_candidate_urls,any_control_found,struct_hits_union,>0_struct_hits_found,program_title_count,program_titles_found,pdf_hits,total_controls_found,controls_sufficiency,status,error_detail,college_vine_site,college_vine_url,college_vine_ctrl_status,college_vine_program_title_count,college_vine_program_titles_found,afri_matches,ethnic_matches,black_matches,race_matches,anthropology,math,linguistics,chem,architect,economics,psychology,sociology,history,english,political_science,philosophy,computer_science,engineering,physics,geology,statistics,neuroscience,nces_profile_xlsx_downloaded,nces_profile_xlsx_filename,nces_profile_xlsx_dir,nces_profile_xlsx_parse_ok,nces_profile_xlsx_error,tuition_fees_ug_2024_25,tuition_fees_grad_2024_25,enrollment_total,enrollment_men,enrollment_women,pct_American Indian or Alaska Native,pct_Asian,pct_Black or African American,pct_Hispanic,pct_Native Hawaiian or Other Pacific Islander,pct_White,pct_Two or more races,pct_Race/ethnicity unknown,pct_U.S. Nonresident
218520,Piedmont Technical College,www.ptc.edu/,Greenwood,South Carolina,Public,Professions-focused Associate Large/Medium,"Higher Access, Medium Earnings","Not classified, not in classification universe",Associate,Professions-focused,N/A,Medium,"Mostly part-time, not residential",Associate,Not Classified,Not Classified,https://www.ptc.edu/programs,score=428;tier=inventory;hubSig=0;listingLinks=0;slugDiv=0;structHits=2;ctrlStructured=2;canonicalHub=1;flags=,exceptions_seen,https://www.ptc.edu/programs/|https://www.ptc.edu/academics/areas-of-study/bridge-programs|https://www.ptc.edu/academics/areas-of-study/transfer-technical-program|https://www.ptc.edu/academics/areas-of-study/nursing|https://www.ptc.edu/academics/areas-of-study/university-transfer-arts,1,BA|BS|bachelor|degrees|majors|programs,1,0,,,3,warning_10_MajorsFound,ok,,0,https://www.collegevine.com/schools/hub/all/d/aiken-technical-college/majors,cv_unresolved,0,,,,Black,,0,1,0,0,0,0,0,0,1,0,0,0,0,1,0,0,0,0,1,institution-profile-2026-03-06-12-38.xlsx,/var/folders/0_/vt5npj3x5wq9q_4bzlj28tqw0000gn/T/nces_ipeds_profile_downloads/218520/1772818731867,1,,,,5143,1689,3454,0.2,0.6,33.7,8.8,0.0,52.7,3.2,0.8,0.0
140818,Piedmont University,www.piedmont.edu/,Demorest,Georgia,Private not-for-profit,Professions-focused Undergraduate/Graduate-Master's Small,"Lower Access, Medium Earnings","Not classified, not in classification universe",Undergraduate/Graduate-Master's,Professions-focused,Professions-focused,Small,Highly residential,Master's,Not Classified,Not Classified,https://www.piedmont.edu/academics/catalog/2526,score=200;tier=catalog;hubSig=0;listingLinks=0;slugDiv=0;structHits=0;ctrlStructured=0;canonicalHub=0;flags=yearHit,429_rate_limited_seen,https://www.piedmont.edu/catalog/2526|https://www.piedmont.edu/catalog/20252026|https://www.piedmont.edu/academics/arts-sciences/|https://www.piedmont.edu/catalog/|https://www.piedmont.edu/catalog,1,BA|bachelor|degrees|majors|minors|programs,1,0,,,11,sufficient majors,ok,,0,https://www.collegevine.com/schools/hub/all/d/piedmont-university/majors,cv_unresolved,0,,,,,,0,1,0,1,0,0,1,1,1,1,0,1,1,1,1,0,0,1,1,institution-profile-2026-03-06-12-38.xlsx,/var/folders/0_/vt5npj3x5wq9q_4bzlj28tqw0000gn/T/nces_ipeds_profile_downloads/140818/1772818735471,1,,31700,12320,1857,511,1346,0.4,0.8,21.0,8.9,0.1,62.4,2.3,3.6,0.6
233116,Piedmont Virginia Community College,www.pvcc.edu/,Charlottesville,Virginia,Public,Mixed Associate Medium,"Higher Access, Lower Earnings","Not classified, not in classification universe",Associate,Mixed,N/A,Medium,"Mostly part-time, not residential",Associate,Not Classified,Not Classified,https://www.pvcc.edu/programs?order=title&sort=desc,score=891;tier=inventory;hubSig=5;listingLinks=69;slugDiv=69;structHits=3;ctrlStructured=9;canonicalHub=1;flags=,exceptions_seen,https://www.pvcc.edu/programs|https://www.pvcc.edu/programs/|https://www.pvcc.edu/programs?order=field_program_type&sort=desc|https://www.pvcc.edu/programs?order=field_program_type&sort=asc|https://www.pvcc.edu/programs?order=title&sort=asc,1,degrees|majors|programs,1,0,,,9,warning_10_MajorsFound,ok,,0,https://www.collegevine.com/schools/hub/all/d/piedmont-virginia-community-college/majors,cv_unresolved,0,,,,black,,0,1,0,1,0,0,0,0,1,1,0,0,1,1,1,1,1,0,1,institution-profile-2026-03-06-12-38.xlsx,/var/folders/0_/vt5npj3x5wq9q_4bzlj28tqw0000gn/T/nces_ipeds_profile_downloads/233116/1772818738924,1,,,,5263,2236,3027,0.2,5.1,12.4,11.2,0.1,59.2,5.5,4.4,1.8
235237,Pierce College District,www.pierce.ctc.edu/,Lakewood,Washington,Public,Mixed Associate Medium,"Higher Access, Lower Earnings","Not classified, not in classification universe",Associate,Mixed,N/A,Medium,Primarily non-residential,Bachelor's,Not Classified,Not Classified,https://www.pierce.ctc.edu/programs/,score=430;tier=inventory;hubSig=0;listingLinks=0;slugDiv=0;structHits=3;ctrlStructured=0;canonicalHub=1;flags=,exceptions_seen,https://www.pierce.ctc.edu/programs|https://www.pierce.ctc.edu/tools/catalog/index.html|https://www.pierce.ctc.edu/catalog/|https://www.pierce.ctc.edu/catalog|https://www.pierce.ctc.edu/programs/career-roadmaps.html,1,bachelor|degrees|programs,1,0,,,3,warning_10_MajorsFound,ok,,0,https://www.collegevine.com/schools/hub/all/d/pierce-college-district/majors,cv_unresolved,0,,,,,,0,1,0,0,0,0,0,0,0,0,0,0,1,1,0,0,0,0,1,institution-profile-2026-03-06-12-39.xlsx,/var/folders/0_/vt5npj3x5wq9q_4bzlj28tqw0000gn/T/nces_ipeds_profile_downloads/235237/1772818742413,1,,,,8137,3037,5100,0.6,7.4,8.5,19.5,1.2,35.5,12.1,13.1,1.9
443492,Pierpont Community and Technical College,www.pierpont.edu/,Fairmont,West Virginia,Public,Special Focus: Applied and Career Studies,"Higher Access, Lower Earnings","Not classified, not in classification universe",Associate,Special Focus: Applied and Career Studies,N/A,Small,"Mostly full-time, not residential",Associate,Not Classified,Not Classified,https://www.pierpont.edu/academics/articulation-agreements/,score=104;tier=other;hubSig=0;listingLinks=0;slugDiv=0;structHits=6;ctrlStructured=1;canonicalHub=0;flags=,exceptions_seen,https://www.pierpont.edu/academics/associate-degrees/radiologic-technology/|https://www.pierpont.edu/academics/associate-degrees/board-of-governors/|https://www.pierpont.edu/academics/associate-degrees/early-childhood/|https://www.pierpont.edu/academics/associate-degrees/liberal-studies/|https://www.pierpont.edu/academics/associate-degrees/drafting-and-design/,1,BA|BS|bachelor|degrees|majors|programs,1,0,,,5,warning_10_MajorsFound,ok,,0,https://www.collegevine.com/schools/hub/all/d/pierpont-community-and-technical-college/majors,cv_unresolved,0,,,,Blackboard|blackboard,,0,1,0,1,1,0,0,0,1,0,0,0,0,0,1,0,0,0,1,institution-profile-2026-03-06-12-39.xlsx,/var/folders/0_/vt5npj3x5wq9q_4bzlj28tqw0000gn/T/nces_ipeds_profile_downloads/443492/1772818745874,1,,,,1938,722,1216,0.7,0.9,2.8,0.9,0.1,86.9,5.2,2.6,0.0
127820,Pikes Peak State College,www.pikespeak.edu/,Colorado Springs,Colorado,Public,Mixed Associate Medium,"Higher Access, Medium Earnings","Not classified, not in classification universe",Associate,Mixed,N/A,Medium,"Mostly part-time, not residential",Bachelor's,Not Classified,Not Classified,https://www.pikespeak.edu/catalog,score=140;tier=catalog;hubSig=0;listingLinks=2;slugDiv=1;structHits=1;ctrlStructured=0;canonicalHub=0;flags=,exceptions_seen,https://www.pikespeak.edu/academics/catalog-schedule/index.php|https://www.pikespeak.edu/programs/computer-networking/|https://www.pikespeak.edu/programs/cybersecurity/|https://www.pikespeak.edu/programs/surgical-services/|https://www.pikespeak.edu/programs/index.php,1,BS|bachelor|degrees|majors|programs,1,0,,,1,warning_10_MajorsFound,ok,,0,https://www.collegevine.com/schools/hub/all/d/pikes-peak-state-college/majors,cv_unresolved,0,,,,,,0,0,0,0,0,0,0,0,0,0,0,0,1,0,0,0,0,0,1,institution-profile-2026-03-06-12-39.xlsx,/var/folders/0_/vt5npj3x5wq9q_4bzlj28tqw0000gn/T/nces_ipeds_profile_downloads/127820/1772818749389,1,,,,12556,5194,7362,0.7,3.4,7.4,25.2,0.5,53.0,7.5,1.9,0.4
440794,Pillar College,www.pillar.edu/,Newark,New Jersey,Private not-for-profit,Mixed Associate/Baccalaureate,"Higher Access, Medium Earnings","Not classified, not in classification universe",Associate/Baccalaureate,Mixed,Professions-focused,Small,"Mostly full-time, not residential",Bachelor's,Not Classified,Not Classified,https://www.pillar.edu/academics/academic-programs/elementary-education,score=308;tier=inventory;hubSig=0;listingLinks=0;slugDiv=0;structHits=6;ctrlStructured=2;canonicalHub=0;flags=,exceptions_seen,https://www.pillar.edu/academics/academic-programs/intercultural-communication|https://www.pillar.edu/academics/academic-programs/organizational-leadership|https://www.pillar.edu/academics/academic-programs/biblical-studies|https://www.pillar.edu/academics/academic-programs/general-studies|https://www.pillar.edu/academics/academic-programs/business-administration-management,1,BA|BS|bachelor|degrees|majors|minors|programs,1,0,,,8,warning_10_MajorsFound,ok,,0,https://www.collegevine.com/schools/hub/all/d/pillar-college/majors,cv_unresolved,0,,,Ethnic|ethnic,Blackboard,Racial|race|racial,1,1,0,0,0,0,1,1,1,1,0,1,0,0,0,0,1,0,0,,,0,,,,,,,,,,,,,,,
105525,Pima Community College,www.pima.edu/,Tucson,Arizona,Public,Mixed Associate Large,"Higher Access, Medium Earnings","Not classified, not in classification universe",Associate,Mixed,N/A,Large,"Mostly part-time, not residential",Associate,Not Classified,Not Classified,https://www.pima.edu/academics-programs/adult-basic-education/programs.html,score=264;tier=inventory;hubSig=0;listingLinks=0;slugDiv=0;structHits=2;ctrlStructured=1;canonicalHub=0;flags=,exceptions_seen,https://www.pima.edu/catalog-workforce|https://www.pima.edu/academics-programs/college-catalog/index.html|https://www.pima.edu/academics-programs/college-catalog/index|https://www.pima.edu/catalog|https://www.pima.edu/academics-programs/courses/index,1,degrees|programs,1,1,AFA: African-American Studies,,13,sufficient majors,ok,,0,https://www.collegevine.com/schools/hub/all/d/pima-community-college/majors,cv_unresolved,0,,African,ethnic,,race,1,1,0,1,0,1,1,1,1,1,1,1,0,1,1,1,0,0,0,,,0,,,,,,,,,,,,,,,
105543,Pima Medical Institute-Albuquerque,pmi.edu/,Albuquerque,New Mexico,Private for-profit,Special Focus: Applied and Career Studies,"Higher Access, Medium Earnings","Not classified, not in classification universe",Associate,Special Focus: Applied and Career Studies,N/A,Small,"Mostly full-time, not residential",Associate,Not Classified,Not Classified,https://pmi.edu/programs,score=430;tier=inventory;hubSig=0;listingLinks=0;slugDiv=0;structHits=3;ctrlStructured=0;canonicalHub=1;flags=,429_rate_limited_seen,https://pmi.edu/online-programs/bachelors/bachelor-of-science-in-respiratory-therapy/|https://pmi.edu/online-programs/bachelors/bachelor-of-science-in-nursing-rn-to-bsn/|https://pmi.edu/online-programs/bachelors/bachelor-of-science-in-radiologic-sciences/|https://pmi.edu/online-programs/bachelors/bachelor-of-science-in-health-care-administration/|https://pmi.edu/online-programs/bachelors/bachelor-of-science-physical-therapist-assistant/,1,BS|bachelor|degrees|programs,1,0,,,1,warning_10_MajorsFound,ok,,0,https://www.collegevine.com/schools/hub/all/d/pima-medical-institute-albuquerque/majors,cv_unresolved,0,,,,,,0,0,0,0,0,0,0,0,0,0,0,0,0,0,0,0,1,0,0,,,0,,,,,,,,,,,,,,,
461689,Pima Medical Institute-Aurora,pmi.edu/,Aurora,Colorado,Private for-profit,Special Focus: Applied and Career Studies,"Higher Access, Lower Earnings","Not classified, not in classification universe",Associate,Special Focus: Applied and Career Studies,N/A,Small,"Mostly full-time, not residential",Associate,Not Classified,Not Classified,https://pmi.edu/programs,score=430;tier=inventory;hubSig=0;listingLinks=0;slugDiv=0;structHits=3;ctrlStructured=0;canonicalHub=1;flags=,429_rate_limited_seen,https://pmi.edu/online-programs/bachelors/bachelor-of-science-in-respiratory-therapy/|https://pmi.edu/online-programs/bachelors/bachelor-of-science-in-nursing-rn-to-bsn/|https://pmi.edu/online-programs/bachelors/bachelor-of-science-in-radiologic-sciences/|https://pmi.edu/online-programs/bachelors/bachelor-of-science-in-health-care-administration/|https://pmi.edu/online-programs/bachelors/bachelor-of-science-physical-therapist-assistant/,1,BS|bachelor|degrees|programs,1,0,,,1,warning_10_MajorsFound,ok,,0,https://www.collegevine.com/schools/hub/all/d/pima-medical-institute-aurora/majors,cv_unresolved,0,,,,,,0,0,0,0,0,0,0,0,0,0,0,0,0,0,0,0,1,0,0,,,0,,,,,,,,,,,,,,,
434140,Pima Medical Institute-Chula Vista,pmi.edu/,Chula Vista,California,Private for-profit,Special Focus: Applied and Career Studies,"Higher Access, Lower Earnings","Not classified, not in classification universe",Associate,Special Focus: Applied and Career Studies,N/A,Small,"Mostly full-time, not residential",Associate,Not Classified,Not Classified,https://pmi.edu/programs,score=430;tier=inventory;hubSig=0;listingLinks=0;slugDiv=0;structHits=3;ctrlStructured=0;canonicalHub=1;flags=,429_rate_limited_seen,https://pmi.edu/catalog|https://pmi.edu/online-programs/bachelors/bachelor-of-science-in-radiologic-sciences/|https://pmi.edu/online-programs/bachelors/bachelor-of-science-in-respiratory-therapy/|https://pmi.edu/online-programs/bachelors/bachelor-of-science-in-health-care-administration/|https://pmi.edu/online-programs/bachelors/bachelor-of-science-in-nursing-rn-to-bsn/,1,BS|bachelor|degrees|programs,1,0,,,1,warning_10_MajorsFound,ok,,0,https://www.collegevine.com/schools/hub/all/d/pima-medical-institute-chula-vista/majors,cv_unresolved,0,,,,,,0,0,0,0,0,0,0,0,0,0,0,0,0,0,0,0,1,0,0,,,0,,,,,,,,,,,,,,,
442134,Pima Medical Institute-Colorado Springs,pmi.edu/,Colorado Springs,Colorado,Private for-profit,Special Focus: Applied and Career Studies,"Higher Access, Medium Earnings","Not classified, not in classification universe",Associate,Special Focus: Applied and Career Studies,N/A,Small,"Mostly full-time, not residential",Associate,Not Classified,Not Classified,https://pmi.edu/programs,score=430;tier=inventory;hubSig=0;listingLinks=0;slugDiv=0;structHits=3;ctrlStructured=0;canonicalHub=1;flags=,429_rate_limited_seen,https://pmi.edu/admissions-financial-aid/academic-catalog/|https://pmi.edu/catalog|https://pmi.edu/online-programs/bachelors/bachelor-of-science-in-nursing-rn-to-bsn/|https://pmi.edu/online-programs/bachelors/bachelor-of-science-in-health-care-administration/|https://pmi.edu/online-programs/bachelors/bachelor-of-science-in-radiologic-sciences/,1,BS|bachelor|degrees|programs,1,0,,,1,warning_10_MajorsFound,ok,,0,https://www.collegevine.com/schools/hub/all/d/pima-medical-institute-colorado-springs/majors,cv_unresolved,0,,,,,,0,0,0,0,0,0,0,0,0,0,0,0,0,0,0,0,1,0,0,,,0,,,,,,,,,,,,,,,
404912,Pima Medical Institute-Denver,pmi.edu/,Denver,Colorado,Private for-profit,Special Focus: Applied and Career Studies,"Higher Access, Lower Earnings","Not classified, not in classification universe",Associate,Special Focus: Applied and Career Studies,N/A,Small,"Mostly full-time, not residential",Associate,Not Classified,Not Classified,https://pmi.edu/programs,score=430;tier=inventory;hubSig=0;listingLinks=0;slugDiv=0;structHits=3;ctrlStructured=0;canonicalHub=1;flags=,429_rate_limited_seen,https://pmi.edu/catalog|https://pmi.edu/admissions-financial-aid/academic-catalog/|https://pmi.edu/catalog/|https://pmi.edu/online-programs/bachelors/bachelor-of-science-in-health-care-administration/|https://pmi.edu/online-programs/bachelors/bachelor-of-science-in-nursing-rn-to-bsn/,1,BS|bachelor|degrees|programs,1,0,,,1,warning_10_MajorsFound,ok,,0,https://www.collegevine.com/schools/hub/all/d/pima-medical-institute-denver/majors,cv_unresolved,0,,,,,,0,0,0,0,0,0,0,0,0,0,0,0,0,0,0,0,1,0,0,,,0,,,,,,,,,,,,,,,
489812,Pima Medical Institute-Dillon,pmi.edu/,Dillon,Montana,Private for-profit,Special Focus: Applied and Career Studies,Not Classified,"Not classified, not in classification universe",Associate,Special Focus: Applied and Career Studies,N/A,Very Small,"Mostly full-time, not residential",Associate,Not Classified,Not Classified,https://pmi.edu/programs,score=430;tier=inventory;hubSig=0;listingLinks=0;slugDiv=0;structHits=3;ctrlStructured=0;canonicalHub=1;flags=,429_rate_limited_seen,https://pmi.edu/catalog|https://pmi.edu/catalog/|https://pmi.edu/admissions-financial-aid/academic-catalog/|https://pmi.edu/online-programs/bachelors/bachelor-of-science-in-health-care-administration/|https://pmi.edu/online-programs/bachelors/bachelor-of-science-in-nursing-rn-to-bsn/,1,BS|bachelor|degrees|programs,1,0,,,1,warning_10_MajorsFound,ok,,0,https://www.collegevine.com/schools/hub/all/d/pima-medical-institute-dillon/majors,cv_unresolved,0,,,,,,0,0,0,0,0,0,0,0,0,0,0,0,0,0,0,0,1,0,0,,,0,,,,,,,,,,,,,,,
456038,Pima Medical Institute-East Valley,pmi.edu/,Mesa,Arizona,Private for-profit,Special Focus: Applied and Career Studies,"Higher Access, Lower Earnings","Not classified, not in classification universe",Associate,Special Focus: Applied and Career Studies,N/A,Small,"Mostly full-time, not residential",Associate,Not Classified,Not Classified,https://pmi.edu/programs,score=430;tier=inventory;hubSig=0;listingLinks=0;slugDiv=0;structHits=3;ctrlStructured=0;canonicalHub=1;flags=,429_rate_limited_seen,https://pmi.edu/catalog|https://pmi.edu/catalog/|https://pmi.edu/admissions-financial-aid/academic-catalog/|https://pmi.edu/online-programs/bachelors/bachelor-of-science-in-health-care-administration/|https://pmi.edu/online-programs/bachelors/bachelor-of-science-in-nursing-rn-to-bsn/,1,BS|bachelor|degrees|programs,1,0,,,1,warning_10_MajorsFound,ok,,0,https://www.collegevine.com/schools/hub/all/d/pima-medical-institute-east-valley/majors,cv_unresolved,0,,,,,,0,0,0,0,0,0,0,0,0,0,0,0,0,0,0,0,1,0,0,,,0,,,,,,,,,,,,,,,
486813,Pima Medical Institute-El Paso,pmi.edu/,El Paso,Texas,Private for-profit,Special Focus: Applied and Career Studies,Not Classified,"Not classified, not in classification universe",Associate,Special Focus: Applied and Career Studies,N/A,Small,"Mostly full-time, not residential",Associate,Not Classified,Not Classified,https://pmi.edu/programs,score=430;tier=inventory;hubSig=0;listingLinks=0;slugDiv=0;structHits=3;ctrlStructured=0;canonicalHub=1;flags=,429_rate_limited_seen,https://pmi.edu/catalog|https://pmi.edu/catalog/|https://pmi.edu/admissions-financial-aid/academic-catalog/|https://pmi.edu/online-programs/bachelors/bachelor-of-science-in-health-care-administration/|https://pmi.edu/online-programs/bachelors/bachelor-of-science-in-nursing-rn-to-bsn/,1,BS|bachelor|degrees|programs,1,0,,,1,warning_10_MajorsFound,ok,,0,https://www.collegevine.com/schools/hub/all/d/pima-medical-institute-el-paso/majors,cv_unresolved,0,,,,,,0,0,0,0,0,0,0,0,0,0,0,0,0,0,0,0,1,0,0,,,0,,,,,,,,,,,,,,,
460136,Pima Medical Institute-Houston,pmi.edu/,Houston,Texas,Private for-profit,Special Focus: Applied and Career Studies,"Higher Access, Medium Earnings","Not classified, not in classification universe",Associate,Special Focus: Applied and Career Studies,N/A,Small,"Mostly full-time, not residential",Associate,Not Classified,Not Classified,https://pmi.edu/programs,score=430;tier=inventory;hubSig=0;listingLinks=0;slugDiv=0;structHits=3;ctrlStructured=0;canonicalHub=1;flags=,429_rate_limited_seen,https://pmi.edu/catalog|https://pmi.edu/catalog/|https://pmi.edu/admissions-financial-aid/academic-catalog/|https://pmi.edu/online-programs/bachelors/bachelor-of-science-in-health-care-administration/|https://pmi.edu/online-programs/bachelors/bachelor-of-science-in-nursing-rn-to-bsn/,1,BS|bachelor|degrees|programs,1,0,,,1,warning_10_MajorsFound,ok,,0,https://www.collegevine.com/schools/hub/all/d/pima-medical-institute-houston/majors,cv_unresolved,0,,,,,,0,0,0,0,0,0,0,0,0,0,0,0,0,0,0,0,1,0,0,,,0,,,,,,,,,,,,,,,
445230,Pima Medical Institute-Las Vegas,pmi.edu/,Las Vegas,Nevada,Private for-profit,Special Focus: Applied and Career Studies,"Higher Access, Medium Earnings","Not classified, not in classification universe",Associate,Special Focus: Applied and Career Studies,N/A,Small,"Mostly full-time, not residential",Associate,Not Classified,Not Classified,https://pmi.edu/programs,score=430;tier=inventory;hubSig=0;listingLinks=0;slugDiv=0;structHits=3;ctrlStructured=0;canonicalHub=1;flags=,429_rate_limited_seen,https://pmi.edu/catalog|https://pmi.edu/catalog/|https://pmi.edu/admissions-financial-aid/academic-catalog/|https://pmi.edu/online-programs/bachelors/bachelor-of-science-in-health-care-administration/|https://pmi.edu/online-programs/bachelors/bachelor-of-science-in-nursing-rn-to-bsn/,1,BS|bachelor|degrees|programs,1,0,,,1,warning_10_MajorsFound,ok,,0,https://www.collegevine.com/schools/hub/all/d/pima-medical-institute-las-vegas/majors,cv_unresolved,0,,,,,,0,0,0,0,0,0,0,0,0,0,0,0,0,0,0,0,1,0,0,,,0,,,,,,,,,,,,,,,
260691,Pima Medical Institute-Mesa,pmi.edu/,Mesa,Arizona,Private for-profit,Special Focus: Applied and Career Studies,"Higher Access, Lower Earnings","Not classified, not in classification universe",Associate,Special Focus: Applied and Career Studies,N/A,Small,"Mostly full-time, not residential",Associate,Not Classified,Not Classified,https://pmi.edu/programs,score=430;tier=inventory;hubSig=0;listingLinks=0;slugDiv=0;structHits=3;ctrlStructured=0;canonicalHub=1;flags=,429_rate_limited_seen,https://pmi.edu/catalog|https://pmi.edu/catalog/|https://pmi.edu/admissions-financial-aid/academic-catalog/|https://pmi.edu/online-programs/bachelors/bachelor-of-science-in-health-care-administration/|https://pmi.edu/online-programs/bachelors/bachelor-of-science-in-nursing-rn-to-bsn/,1,BS|bachelor|degrees|programs,1,0,,,1,warning_10_MajorsFound,ok,,0,https://www.collegevine.com/schools/hub/all/d/pima-medical-institute-mesa/majors,cv_unresolved,0,,,,,,0,0,0,0,0,0,0,0,0,0,0,0,0,0,0,0,1,0,0,,,0,,,,,,,,,,,,,,,
486822,Pima Medical Institute-Phoenix,pmi.edu/,Phoenix,Arizona,Private for-profit,Special Focus: Applied and Career Studies,Not Classified,"Not classified, not in classification universe",Associate,Special Focus: Applied and Career Studies,N/A,Small,"Mostly full-time, not residential",Associate,Not Classified,Not Classified,https://pmi.edu/programs,score=430;tier=inventory;hubSig=0;listingLinks=0;slugDiv=0;structHits=3;ctrlStructured=0;canonicalHub=1;flags=,429_rate_limited_seen,https://pmi.edu/catalog|https://pmi.edu/catalog/|https://pmi.edu/admissions-financial-aid/academic-catalog/|https://pmi.edu/online-programs/bachelors/bachelor-of-science-in-health-care-administration/|https://pmi.edu/online-programs/bachelors/bachelor-of-science-in-nursing-rn-to-bsn/,1,BS|bachelor|degrees|programs,1,0,,,1,warning_10_MajorsFound,ok,,0,https://www.collegevine.com/schools/hub/all/d/pima-medical-institute-phoenix/majors,cv_unresolved,0,,,,,,0,0,0,0,0,0,0,0,0,0,0,0,0,0,0,0,1,0,0,,,0,,,,,,,,,,,,,,,
449074,Pima Medical Institute-Renton,pmi.edu/,Renton,Washington,Private for-profit,Special Focus: Applied and Career Studies,"Higher Access, Lower Earnings","Not classified, not in classification universe",Associate,Special Focus: Applied and Career Studies,N/A,Small,"Mostly full-time, not residential",Associate,Not Classified,Not Classified,https://pmi.edu/programs,score=430;tier=inventory;hubSig=0;listingLinks=0;slugDiv=0;structHits=3;ctrlStructured=0;canonicalHub=1;flags=,429_rate_limited_seen,https://pmi.edu/catalog|https://pmi.edu/catalog/|https://pmi.edu/admissions-financial-aid/academic-catalog/|https://pmi.edu/online-programs/bachelors/bachelor-of-science-in-health-care-administration/|https://pmi.edu/online-programs/bachelors/bachelor-of-science-in-nursing-rn-to-bsn/,1,BS|bachelor|degrees|programs,1,0,,,1,warning_10_MajorsFound,ok,,0,https://www.collegevine.com/schools/hub/all/d/pima-medical-institute-renton/majors,cv_unresolved,0,,,,,,0,0,0,0,0,0,0,0,0,0,0,0,0,0,0,0,1,0,0,,,0,,,,,,,,,,,,,,,
494588,Pima Medical Institute-San Antonio,pmi.edu/,San Antonio,Texas,Private for-profit,Special Focus: Applied and Career Studies,Not Classified,"Not classified, not in classification universe",Associate,Special Focus: Applied and Career Studies,N/A,Small,"Mostly full-time, not residential",Associate,Not Classified,Not Classified,https://pmi.edu/programs,score=430;tier=inventory;hubSig=0;listingLinks=0;slugDiv=0;structHits=3;ctrlStructured=0;canonicalHub=1;flags=,429_rate_limited_seen,https://pmi.edu/catalog|https://pmi.edu/catalog/|https://pmi.edu/admissions-financial-aid/academic-catalog/|https://pmi.edu/online-programs/bachelors/bachelor-of-science-in-health-care-administration/|https://pmi.edu/online-programs/bachelors/bachelor-of-science-in-nursing-rn-to-bsn/,1,BS|bachelor|degrees|programs,1,0,,,1,warning_10_MajorsFound,ok,,0,https://www.collegevine.com/schools/hub/all/d/pima-medical-institute-san-antonio/majors,cv_unresolved,0,,,,,,0,0,0,0,0,0,0,0,0,0,0,0,0,0,0,0,1,0,0,,,0,,,,,,,,,,,,,,,
492449,Pima Medical Institute-San Marcos,pmi.edu/,San Marcos,California,Private for-profit,Special Focus: Applied and Career Studies,Not Classified,"Not classified, not in classification universe",Associate,Special Focus: Applied and Career Studies,N/A,Small,"Mostly full-time, not residential",Associate,Not Classified,Not Classified,https://pmi.edu/programs,score=430;tier=inventory;hubSig=0;listingLinks=0;slugDiv=0;structHits=3;ctrlStructured=0;canonicalHub=1;flags=,429_rate_limited_seen,https://pmi.edu/catalog|https://pmi.edu/catalog/|https://pmi.edu/admissions-financial-aid/academic-catalog/|https://pmi.edu/online-programs/bachelors/bachelor-of-science-in-health-care-administration/|https://pmi.edu/online-programs/bachelors/bachelor-of-science-in-nursing-rn-to-bsn/,1,BS|bachelor|degrees|programs,1,0,,,1,warning_10_MajorsFound,ok,,0,https://www.collegevine.com/schools/hub/all/d/pima-medical-institute-san-marcos/majors,cv_unresolved,0,,,,,,0,0,0,0,0,0,0,0,0,0,0,0,0,0,0,0,1,0,0,,,0,,,,,,,,,,,,,,,
368629,Pima Medical Institute-Seattle,pmi.edu/,Seattle,Washington,Private for-profit,Special Focus: Applied and Career Studies,"Higher Access, Lower Earnings","Not classified, not in classification universe",Associate,Special Focus: Applied and Career Studies,N/A,Small,"Mostly full-time, not residential",Associate,Not Classified,Not Classified,https://pmi.edu/programs,score=430;tier=inventory;hubSig=0;listingLinks=0;slugDiv=0;structHits=3;ctrlStructured=0;canonicalHub=1;flags=,exceptions_seen,https://pmi.edu/catalog|https://pmi.edu/catalog/|https://pmi.edu/admissions-financial-aid/academic-catalog/|https://pmi.edu/online-programs/bachelors/bachelor-of-science-in-health-care-administration/|https://pmi.edu/online-programs/bachelors/bachelor-of-science-in-nursing-rn-to-bsn/,1,BS|bachelor|degrees|programs,1,0,,,1,warning_10_MajorsFound,ok,,0,https://www.collegevine.com/schools/hub/all/d/pima-medical-institute-seattle/majors,cv_unresolved,0,,,,,,0,0,0,0,0,0,0,0,0,0,0,0,0,0,0,0,1,0,0,,,0,,,,,,,,,,,,,,,
105534,Pima Medical Institute-Tucson,pmi.edu/,Tucson,Arizona,Private for-profit,Special Focus: Other Health Professions,"Higher Access, Medium Earnings","Not classified, not in classification universe",Associate/Baccalaureate,Special Focus: Other Health Professions,Special Focus: Business,Small,Online and on-campus learning,Bachelor's,Not Classified,Not Classified,https://pmi.edu/programs,score=430;tier=inventory;hubSig=0;listingLinks=0;slugDiv=0;structHits=3;ctrlStructured=0;canonicalHub=1;flags=,429_rate_limited_seen,https://pmi.edu/catalog|https://pmi.edu/catalog/|https://pmi.edu/admissions-financial-aid/academic-catalog/|https://pmi.edu/online-programs/bachelors/bachelor-of-science-in-health-care-administration/|https://pmi.edu/online-programs/bachelors/bachelor-of-science-in-nursing-rn-to-bsn/,1,BS|bachelor|degrees|programs,1,0,,,1,warning_10_MajorsFound,ok,,0,https://www.collegevine.com/schools/hub/all/d/pima-medical-institute-tucson/majors,cv_unresolved,0,,,,,,0,0,0,0,0,0,0,0,0,0,0,0,0,0,0,0,1,0,0,,,0,,,,,,,,,,,,,,,
174570,Pine Technical & Community College,www.pine.edu/,Pine City,Minnesota,Public,Professions-focused Associate Small,"Higher Access, Medium Earnings","Not classified, not in classification universe",Associate,Professions-focused,N/A,Small,"Mostly full-time, not residential",Associate,Not Classified,Not Classified,https://www.pine.edu/programs,score=432;tier=inventory;hubSig=0;listingLinks=0;slugDiv=0;structHits=2;ctrlStructured=3;canonicalHub=1;flags=,exceptions_seen,https://www.pine.edu/academics/programs/|https://www.pine.edu/programs/|https://www.pine.edu/academics/programs|https://www.pine.edu/academics/programs-courses/|http://www.pine.edu/academics/programs-courses/,1,BS|programs,1,0,,,3,warning_10_MajorsFound,ok,,0,https://www.collegevine.com/schools/hub/all/d/alexandria-technical-and-community-college/majors,cv_unresolved,0,,,,,,0,0,0,0,0,0,1,0,0,1,0,0,0,1,0,0,0,0,0,,,0,,,,,,,,,,,,,,,
177302,Pinnacle Career Institute,pcitraining.edu/,Kansas City,Missouri,Private for-profit,Special Focus: Applied and Career Studies,"Higher Access, Lower Earnings","Not classified, not in classification universe",Associate,Special Focus: Applied and Career Studies,N/A,Small,Primarily online,Associate,Not Classified,Not Classified,https://www.pcitraining.edu/programs,score=410;tier=inventory;hubSig=0;listingLinks=8;slugDiv=4;structHits=1;ctrlStructured=0;canonicalHub=1;flags=,exceptions_seen,https://pcitraining.edu/programs|https://pcitraining.edu/programs/|https://www.pcitraining.edu/programs-apply|https://www.pcitraining.edu/programs-readmore|https://www.pcitraining.edu/pci-catalog,0,programs,1,0,,,0,warning_10_MajorsFound,ok,,0,https://www.collegevine.com/schools/hub/all/d/pinnacle-career-institute/majors,cv_unresolved,0,,,,,,0,0,0,0,0,0,0,0,0,0,0,0,0,0,0,0,0,0,0,,,0,,,,,,,,,,,,,,,
444811,PITC Institute,pitc.edu/index.html,Wyncote,Pennsylvania,Private for-profit,Special Focus: Nursing,"Opportunity Colleges and Universities-Higher Access, Higher Earnings","Not classified, not in classification universe",Associate,Special Focus: Nursing,N/A,Small,"Mostly full-time, not residential",Associate,Not Classified,Not Classified,,,,,0,,0,0,,,0,,no_candidates,,,,,0,,,,,,0,0,0,0,0,0,0,0,0,0,0,0,0,0,0,0,0,0,0,,,0,,,,,,,,,,,,,,,
199333,Pitt Community College,pittcc.edu/,Winterville,North Carolina,Public,Professions-focused Associate Large/Medium,"Higher Access, Medium Earnings","Not classified, not in classification universe",Associate,Professions-focused,N/A,Medium,"Mostly part-time, not residential",Associate,Not Classified,Not Classified,https://pittcc.edu/academics/programs/,score=440;tier=inventory;hubSig=0;listingLinks=0;slugDiv=0;structHits=2;ctrlStructured=5;canonicalHub=1;flags=,exceptions_seen,https://pittcc.edu/academics/academic-programs//|https://pittcc.edu/academics/academic-programs/|https://pittcc.edu/majors/|https://pittcc.edu/majors|https://pittcc.edu/academics/majors/,1,degrees|majors|programs,1,0,,,5,warning_10_MajorsFound,ok,,0,https://www.collegevine.com/schools/hub/all/d/pitt-community-college/majors,cv_unresolved,0,,,,,,0,1,0,0,1,0,0,0,0,1,0,0,0,1,1,0,0,0,0,,,0,,,,,,,,,,,,,,,
155681,Pittsburg State University,www.pittstate.edu/,Pittsburg,Kansas,Public,Professions-focused Undergraduate/Graduate-Master's Large/Medium,"Opportunity Colleges and Universities-Higher Access, Higher Earnings",Research Colleges and Universities,Undergraduate/Graduate-Master's,Professions-focused,Professions-focused,Medium,Primarily residential,Master's,Not Classified,Not Classified,https://www.pittstate.edu/academics/academic-programs/fields-of-study.html,score=326;tier=inventory;hubSig=0;listingLinks=1;slugDiv=1;structHits=5;ctrlStructured=9;canonicalHub=0;flags=,403_forbidden_seen,https://www.pittstate.edu/academics/academic-programs/index.html|https://www.pittstate.edu/academics/schools-and-programs.html|https://www.pittstate.edu/catalog|https://www.pittstate.edu/registrar/catalog/index.html|https://www.pittstate.edu/foundation/index.html,1,bachelor|degrees|majors|minors|programs,1,0,,,10,sufficient majors,ok,,0,https://www.collegevine.com/schools/hub/all/d/pittsburg-state-university/majors,cv_unresolved,0,,,,,race,0,1,0,1,0,1,1,0,1,1,0,1,1,1,1,0,0,0,0,,,0,,,,,,,,,,,,,,,
215381,Pittsburgh Institute of Aeronautics,www.pia.edu/,West Mifflin,Pennsylvania,Private not-for-profit,Special Focus: Applied and Career Studies,"Opportunity Colleges and Universities-Higher Access, Higher Earnings","Not classified, not in classification universe",Associate,Special Focus: Applied and Career Studies,N/A,Small,"Mostly full-time, not residential",Associate,Not Classified,Not Classified,https://www.pia.edu/programs/,score=428;tier=inventory;hubSig=0;listingLinks=0;slugDiv=0;structHits=2;ctrlStructured=2;canonicalHub=1;flags=,exceptions_seen,https://www.pia.edu/catalog/20252026|https://www.pia.edu/catalog/2526|https://www.pia.edu/catalog/|https://www.pia.edu/catalog|https://www.pia.edu/,1,degrees|programs,1,0,,,2,warning_10_MajorsFound,ok,,0,https://www.collegevine.com/schools/hub/all/d/pittsburgh-institute-of-aeronautics/majors,cv_unresolved,0,,,,,,0,1,0,0,0,0,0,0,0,0,0,0,0,0,0,0,1,0,0,,,0,,,,,,,,,,,,,,,
215390,Pittsburgh Institute of Mortuary Science Inc,www.pims.edu/,Pittsburgh,Pennsylvania,Private not-for-profit,Special Focus: Applied and Career Studies,"Lower Access, Medium Earnings","Not classified, not in classification universe",Associate,Special Focus: Applied and Career Studies,N/A,Very Small,Online and on-campus learning,Associate,Not Classified,Not Classified,https://www.pims.edu/academics/programs/,score=420;tier=inventory;hubSig=0;listingLinks=0;slugDiv=0;structHits=2;ctrlStructured=0;canonicalHub=1;flags=,exceptions_seen,https://www.pims.edu/academics/programs|https://www.pims.edu/programs|https://www.pims.edu/programs/|https://www.pims.edu/bulletin/|https://www.pims.edu/,0,degrees|programs,1,0,,,0,warning_10_MajorsFound,ok,,0,https://www.collegevine.com/schools/hub/all/d/pittsburgh-institute-of-mortuary-science-inc/majors,cv_unresolved,0,,,,,,0,0,0,0,0,0,0,0,0,0,0,0,0,0,0,0,0,0,0,,,0,,,,,,,,,,,,,,,
215415,Pittsburgh Technical College,,Oakdale,Pennsylvania,Private not-for-profit,Special Focus: Applied and Career Studies,"Higher Access, Medium Earnings","Not classified, not in classification universe",Associate/Baccalaureate,Special Focus: Applied and Career Studies,N/A,Small,Primarily residential,Bachelor's,Not Classified,Not Classified,,,,,0,,0,0,,,0,,error_missing_web_address,,,,,0,,,,,,0,0,0,0,0,0,0,0,0,0,0,0,0,0,0,0,0,0,0,,,0,,,,,,,,,,,,,,,
215424,Pittsburgh Theological Seminary,www.pts.edu/,Pittsburgh,Pennsylvania,Private not-for-profit,Special Focus: Theological Studies,Not Classified,"Not classified, not in classification universe",Graduate-focused,Special Focus:  Theological Studies,Special Focus:  Theological Studies,Very Small,Graduate-focused,Master's,Not Classified,Not Classified,https://www.pts.edu/find-your-program,score=264;tier=inventory;hubSig=0;listingLinks=0;slugDiv=0;structHits=2;ctrlStructured=1;canonicalHub=0;flags=,exceptions_seen,https://www.pts.edu/Board|https://www.pts.edu/Certificate_Programs|https://www.pts.edu/Alums|https://www.pts.edu/|https://www.pts.edu/aboutus,1,degrees|majors|programs,1,1,Intergenerational Black Church Studies,,1,warning_10_MajorsFound,ok,,0,https://www.collegevine.com/schools/hub/all/d/pittsburgh-theological-seminary/majors,cv_unresolved,0,,,ethnic,Black|Blackness,Racial|race|racial,0,0,0,0,0,0,0,0,1,0,0,0,0,0,0,0,0,0,0,,,0,,,,,,,,,,,,,,,
121257,Pitzer College,www.pitzer.edu/,Claremont,California,Private not-for-profit,Special Focus: Arts and Sciences,"Lower Access, Medium Earnings","Not classified, not in classification universe",Baccalaureate,Special Focus: Arts and Sciences,N/A,Small,Highly residential,Bachelor's,Classified,Not Classified,https://www.pitzer.edu/academics/programs,score=1000;tier=inventory;hubSig=6;listingLinks=43;slugDiv=43;structHits=3;ctrlStructured=15;canonicalHub=1;flags=,403_forbidden_seen,https://www.pitzer.edu/academics/majors|https://www.pitzer.edu/academics/majors/|https://www.pitzer.edu/academics/programs/|https://www.pitzer.edu/academics/programs?type%5B1%5D=1|https://www.pitzer.edu/academics/programs?type%5B2%5D=2,1,majors|minors|programs,1,14,Africana Studies|Africana Studies Africana Studies check Combined Major check Major check Minor|Africana Studies Faculty|Africana Studies Field Group|Africana Studies Program Details|All Africana Studies Faculty|An understanding and appreciation of the multi- and interdisciplinary nature of Africana Studies.|Assistant Professor of Africana Studies|Intercollegiate Department of Africana Studies (IDAS)|Professor of English and World Literature and Africana Studies|View All Africana Studies Faculty|opens Intercollegiate Department of Africana Studies (IDAS) in new window|opens View All Africana Studies Faculty in new window|the Africana Studies Senior Seminar.,,15,sufficient majors,ok,,1,https://www.collegevine.com/schools/hub/all/d/pitzer-college/majors,passed_ctrl_thresh,2,African Studies|African-American/Black Studies,Africa|African|Africana,ethnic|ethnicity,Black|Blackness,Race|race|racial,1,1,1,1,0,1,1,1,1,1,1,1,1,1,1,0,0,1,0,,,0,,,,,,,,,,,,,,,
490878,Platt College-Anaheim,www.plattcollege.edu/,Anaheim,California,Private for-profit,Special Focus: Applied and Career Studies,Not Classified,"Not classified, not in classification universe",Associate/Baccalaureate,Special Focus: Applied and Career Studies,N/A,Small,"Mostly full-time, not residential",Bachelor's,Not Classified,Not Classified,https://www.plattcollege.edu/,score=70;tier=homepage;hubSig=0;listingLinks=8;slugDiv=4;structHits=3;ctrlStructured=0;canonicalHub=0;flags=,429_rate_limited_seen,https://www.plattcollege.edu/,0,bachelor|degrees|programs,1,1,Blacksmith: Web Design Los Angeles,,0,warning_10_MajorsFound,ok,,0,https://www.collegevine.com/schools/hub/all/d/platt-college-anaheim/majors,cv_unresolved,0,,,,Blacksmith,,0,0,0,0,0,0,0,0,0,0,0,0,0,0,0,0,0,0,0,,,0,,,,,,,,,,,,,,,
260813,Platt College-Aurora,www.plattcolorado.edu/,Greenwood Village,Colorado,Private for-profit,Special Focus: Nursing,"Opportunity Colleges and Universities-Higher Access, Higher Earnings","Not classified, not in classification universe",Baccalaureate,Special Focus: Nursing,N/A,Very Small,"Mostly full-time, not residential",Bachelor's,Not Classified,Not Classified,https://www.plattcolorado.edu/sites/default/files/2023-01/Platt%20College%20Catalog%202022-2024%20Volume%2016_0.pdf,score=150;tier=catalog;hubSig=0;listingLinks=0;slugDiv=0;structHits=2;ctrlStructured=0;canonicalHub=0;flags=,exceptions_seen,https://www.plattcolorado.edu/college-catalog|https://www.plattcolorado.edu/college-catalog/|https://www.plattcolorado.edu/sites/default/files/resources/catalog-handbooks/January%202014%20Catalog%20%2805-16-14%20corrected%29.pdf|https://www.plattcolorado.edu/sites/default/files/2023-01/Platt%20College%20Catalog%202022-2024%20Volume%2015_0.pdf|https://www.plattcolorado.edu/sites/default/files/2023-01/Platt%20College%20Catalog%202020-2022%20Volume%2014.pdf,0,BA|BS|bachelor|programs,1,0,,,0,warning_10_MajorsFound,ok,,0,https://www.collegevine.com/schools/hub/all/d/platt-college-aurora/majors,cv_unresolved,0,,,,,race,0,0,0,0,0,0,0,0,0,0,0,0,0,0,0,0,0,0,0,,,0,,,,,,,,,,,,,,,
260789,Platt College-Los Angeles,www.plattcollege.edu/,Alhambra,California,Private for-profit,Special Focus: Applied and Career Studies,"Opportunity Colleges and Universities-Higher Access, Higher Earnings","Not classified, not in classification universe",Associate/Baccalaureate,Special Focus: Applied and Career Studies,N/A,Small,"Mostly full-time, not residential",Bachelor's,Not Classified,Not Classified,https://www.plattcollege.edu/programs/school-of-information-technology/,score=119;tier=inventory;hubSig=1;listingLinks=15;slugDiv=4;structHits=3;ctrlStructured=1;canonicalHub=0;flags=tooSpecific,exceptions_seen,https://www.plattcollege.edu/programs/school-of-graphic-design/|https://www.plattcollege.edu/programs/school-of-business-legal-studies/|https://www.plattcollege.edu/programs/school-of-medical-sciences/|https://www.plattcollege.edu/|https://www.plattcollege.edu/,1,bachelor|degrees|programs,1,1,Blacksmith: Web Design Los Angeles,,1,warning_10_MajorsFound,ok,,0,https://www.collegevine.com/schools/hub/all/d/platt-college-los-angeles/majors,cv_unresolved,0,,,,Blacksmith,,0,0,0,0,0,0,0,0,0,0,0,0,0,0,0,0,1,0,0,,,0,,,,,,,,,,,,,,,
432384,Platt College-Ontario,www.plattcollege.edu/,Ontario,California,Private for-profit,Special Focus: Applied and Career Studies,"Opportunity Colleges and Universities-Higher Access, Higher Earnings","Not classified, not in classification universe",Associate/Baccalaureate,Special Focus: Applied and Career Studies,N/A,Small,"Mostly full-time, not residential",Bachelor's,Not Classified,Not Classified,https://www.plattcollege.edu/programs/school-of-information-technology/,score=119;tier=inventory;hubSig=1;listingLinks=15;slugDiv=4;structHits=3;ctrlStructured=1;canonicalHub=0;flags=tooSpecific,exceptions_seen,https://www.plattcollege.edu/programs/school-of-medical-sciences/|https://www.plattcollege.edu/programs/school-of-business-legal-studies/|https://www.plattcollege.edu/programs/school-of-graphic-design/|https://www.plattcollege.edu/|https://www.plattcollege.edu/,1,bachelor|degrees|programs,1,1,Blacksmith: Web Design Los Angeles,,1,warning_10_MajorsFound,ok,,0,https://www.collegevine.com/schools/hub/all/d/platt-college-ontario/majors,cv_unresolved,0,,,,Blacksmith,,0,0,0,0,0,0,0,0,0,0,0,0,0,0,0,0,1,0,0,,,0,,,,,,,,,,,,,,,
480204,Platt College-Riverside,www.plattcollege.edu/,Riverside,California,Private for-profit,Special Focus: Applied and Career Studies,"Opportunity Colleges and Universities-Higher Access, Higher Earnings","Not classified, not in classification universe",Associate/Baccalaureate,Special Focus: Applied and Career Studies,N/A,Small,"Mostly full-time, not residential",Bachelor's,Not Classified,Not Classified,https://www.plattcollege.edu/programs/school-of-information-technology/,score=119;tier=inventory;hubSig=1;listingLinks=15;slugDiv=4;structHits=3;ctrlStructured=1;canonicalHub=0;flags=tooSpecific,429_rate_limited_seen,https://www.plattcollege.edu/programs/school-of-medical-sciences/|https://www.plattcollege.edu/programs/school-of-business-legal-studies/|https://www.plattcollege.edu/programs/school-of-graphic-design/|https://www.plattcollege.edu/|https://www.plattcollege.edu/,1,bachelor|degrees|programs,1,1,Blacksmith: Web Design Los Angeles,,1,warning_10_MajorsFound,ok,,0,https://www.collegevine.com/schools/hub/all/d/platt-college-riverside/majors,cv_unresolved,0,,,,Blacksmith,,0,0,0,0,0,0,0,0,0,0,0,0,0,0,0,0,1,0,0,,,0,,,,,,,,,,,,,,,
194499,Plaza College,www.plazacollege.edu/,Forest Hills,New York,Private for-profit,Special Focus: Other Health Professions,"Higher Access, Lower Earnings","Not classified, not in classification universe",Associate/Baccalaureate,Special Focus: Other Health Professions,N/A,Small,Online and on-campus learning,Bachelor's,Not Classified,Not Classified,https://www.plazacollege.edu/course-catalog/,score=170;tier=catalog;hubSig=0;listingLinks=0;slugDiv=0;structHits=4;ctrlStructured=0;canonicalHub=0;flags=,exceptions_seen,https://www.plazacollege.edu/,0,BA|BS|degrees|programs,1,0,,,0,warning_10_MajorsFound,ok,,0,https://www.collegevine.com/schools/hub/all/d/plaza-college/majors,cv_unresolved,0,,,,,,0,0,0,0,0,0,0,0,0,0,0,0,0,0,0,0,0,0,0,,,0,,,,,,,,,,,,,,,
183080,Plymouth State University,www.plymouth.edu/,Plymouth,New Hampshire,Public,Professions-focused Undergraduate/Graduate-Doctorate Medium,"Lower Access, Medium Earnings","Not classified, not in classification universe",Undergraduate/Graduate-Doctorate,Professions-focused,Professions-focused,Medium,Highly residential,Doctorate,Classified,Not Classified,https://www.plymouth.edu/programs,score=430;tier=inventory;hubSig=0;listingLinks=0;slugDiv=0;structHits=3;ctrlStructured=0;canonicalHub=1;flags=,exceptions_seen,https://www.plymouth.edu/programs/|https://www.plymouth.edu/programs-of-study|https://www.plymouth.edu/programs-of-study?field_unh_program_type_target_id=All&keywords=|https://www.plymouth.edu/96-credit-three-year-applied-bachelors-degrees|https://www.plymouth.edu/academics/cluster-learning-model/cluster-majors,1,BA|BS|bachelor|degrees|majors|minors|programs,1,0,,,15,sufficient majors,ok,,0,https://www.collegevine.com/schools/hub/all/d/plymouth-state-university/majors,cv_unresolved,0,,,,,,1,1,1,1,0,1,1,1,1,1,1,1,1,1,0,1,0,1,0,,,0,,,,,,,,,,,,,,,
121309,Point Loma Nazarene University,www.pointloma.edu/,San Diego,California,Private not-for-profit,Professions-focused Undergraduate/Graduate-Master's Large/Medium,"Lower Access, Medium Earnings","Not classified, not in classification universe",Undergraduate/Graduate-Master's,Professions-focused,Professions-focused,Medium,Highly residential,Master's,Not Classified,Not Classified,https://www.pointloma.edu/programs,score=962;tier=inventory;hubSig=5;listingLinks=51;slugDiv=36;structHits=7;ctrlStructured=8;canonicalHub=1;flags=,exceptions_seen,https://www.pointloma.edu/majors|https://www.pointloma.edu/majors/|https://www.pointloma.edu/programs/|https://www.pointloma.edu/undergraduate/programs?field_aoi_target_id%5B431%5D=431|https://www.pointloma.edu/undergraduate/programs?field_aoi_target_id%5B421%5D=421,1,BA|BS|bachelor|degrees|majors|minors|programs,1,0,,,12,sufficient majors,ok,,0,https://www.collegevine.com/schools/hub/all/d/point-loma-nazarene-university/majors,cv_unresolved,0,,,ethnic,,race,0,1,0,1,0,1,1,1,1,1,1,1,1,1,1,0,0,0,0,,,0,,,,,,,,,,,,,,,
215442,Point Park University,www.pointpark.edu/,Pittsburgh,Pennsylvania,Private not-for-profit,Mixed Undergraduate/Graduate-Doctorate Medium,"Higher Access, Medium Earnings","Not classified, not in classification universe",Undergraduate/Graduate-Doctorate,Mixed,Professions-focused,Medium,Primarily residential,Doctorate,Not Classified,Not Classified,https://www.pointpark.edu/majors/,score=792;tier=inventory;hubSig=3;listingLinks=43;slugDiv=9;structHits=7;ctrlStructured=8;canonicalHub=1;flags=,exceptions_seen,https://www.pointpark.edu/majors|https://www.pointpark.edu/Academics/Schools/SchoolofCommunication/Programs/index|https://www.pointpark.edu/Academics/Schools/SchoolofCommunication/Programs/GraphicDesign|https://www.pointpark.edu/Academics/UndergraduateAcademics/UndergraduateMajors|https://www.pointpark.edu/Academics/Schools/SchoolofCommunication/Programs/Fast-Track-Communication-Business,1,BA|BS|bachelor|degrees|majors|minors|programs,1,0,,,8,warning_10_MajorsFound,ok,,1,https://www.collegevine.com/schools/hub/all/d/point-park-university/majors,failed_ctrl_thresh,0,,,,,,0,1,0,0,0,1,1,0,1,1,1,0,1,1,0,0,0,0,0,,,0,,,,,,,,,,,,,,,
138868,Point University,point.edu/,West Point,Georgia,Private not-for-profit,Professions-focused Baccalaureate Small,"Higher Access, Medium Earnings","Not classified, not in classification universe",Baccalaureate,Professions-focused,Special Focus: Business,Small,Online and on-campus learning,Bachelor's,Not Classified,Not Classified,https://point.edu/programs,score=454;tier=inventory;hubSig=0;listingLinks=0;slugDiv=0;structHits=5;ctrlStructured=1;canonicalHub=1;flags=,exceptions_seen,https://point.edu/academics/programs|https://point.edu/academics/programs/|https://point.edu/programs/|https://catalog.point.edu/programs|https://catalog.point.edu/academicsupport/academicadvising,1,BA|BS|bachelor|degrees|majors|minors|programs,1,0,,,1,warning_10_MajorsFound,ok,,0,https://www.collegevine.com/schools/hub/all/d/point-university/majors,cv_unresolved,0,,,ethnicity,,race,0,0,0,0,0,0,0,0,1,0,0,0,0,0,0,0,0,0,0,,,0,,,,,,,,,,,,,,,
136516,Polk State College,www.polk.edu/,Winter Haven,Florida,Public,Mixed Associate/Baccalaureate,"Higher Access, Medium Earnings","Not classified, not in classification universe",Associate/Baccalaureate,Mixed,N/A,Medium,"Mostly part-time, not residential",Bachelor's,Not Classified,Not Classified,https://www.polk.edu/programs/,score=442;tier=inventory;hubSig=0;listingLinks=0;slugDiv=0;structHits=3;ctrlStructured=3;canonicalHub=1;flags=,exceptions_seen,https://www.polk.edu/programs|https://www.polk.edu/academics/degrees-and-certificates/bachelor-degree-programs/early-childhood-education-bs-2/|https://www.polk.edu/academics/degrees-and-certificates/bachelor-degree-programs/bachelor-of-science-in-criminal-justice/|https://www.polk.edu/academics/degrees-and-certificates/bachelor-degree-programs/crime-scene-investigations-concentration/|https://www.polk.edu/academics/degrees-and-certificates/bachelor-degree-programs/,1,BS|bachelor|degrees|programs,1,0,,,3,warning_10_MajorsFound,ok,,0,https://www.collegevine.com/schools/hub/all/d/polk-state-college/majors,cv_unresolved,0,,,,,race,0,1,0,0,0,1,0,0,0,0,0,0,0,1,0,0,0,0,0,,,0,,,,,,,,,,,,,,,
456481,Polytechnic University of Puerto Rico-Miami,www.pupr.edu/miami/,Miami,Florida,Private not-for-profit,Special Focus: Business,"Opportunity Colleges and Universities-Higher Access, Higher Earnings","Not classified, not in classification universe",Graduate-focused,Special Focus: Business,Special Focus: Business,Very Small,Graduate-focused,Master's,Not Classified,Not Classified,,,,,0,,0,0,,,0,,no_candidates,,,,,0,,,,,,0,0,0,0,0,0,0,0,0,0,0,0,0,0,0,0,0,0,0,,,0,,,,,,,,,,,,,,,
456490,Polytechnic University of Puerto Rico-Orlando,www.pupr.edu/orlando,Orlando,Florida,Private not-for-profit,"Special Focus: Technology, Engineering, and Sciences","Higher Access, Medium Earnings","Not classified, not in classification universe",Baccalaureate,"Special Focus: Technology, Engineering, and Sciences",Special Focus: Business,Very Small,"Mostly part-time, not residential",Bachelor's,Not Classified,Not Classified,https://www.pupr.edu//academics/undergraduate/,score=127;tier=other;hubSig=0;listingLinks=0;slugDiv=0;structHits=4;ctrlStructured=3;canonicalHub=0;flags=,403_forbidden_seen,https://www.pupr.edu/academics/undergraduate/|https://www.pupr.edu/academics/|https://www.pupr.edu/orlando/undergraduate-programs/|https://www.pupr.edu/orlando/undergraduate-programs/mechanical-engineering/|https://www.pupr.edu/orlando/undergraduate-programs/computer-science/,1,BA|BS|bachelor|degrees|majors|programs,1,0,,,7,warning_10_MajorsFound,ok,,0,https://www.collegevine.com/schools/hub/all/d/polytechnic-university-of-puerto-rico-orlando/majors,cv_unresolved,0,,,,Blackboard|BlackboardTM,,0,1,0,1,1,0,0,0,1,0,0,1,1,1,0,0,0,0,0,,,0,,,,,,,,,,,,,,,
190451,Pomeroy College of Nursing at Crouse Hospital,www.crouse.org/nursing,East Syracuse,New York,Private not-for-profit,Special Focus: Nursing,"Opportunity Colleges and Universities-Higher Access, Higher Earnings","Not classified, not in classification universe",Associate,Special Focus: Nursing,N/A,Very Small,"Mostly part-time, not residential",Associate,Not Classified,Not Classified,https://www.crouse.org/academics/programs,score=432;tier=inventory;hubSig=0;listingLinks=0;slugDiv=0;structHits=2;ctrlStructured=3;canonicalHub=1;flags=,exceptions_seen,https://www.crouse.org/programs/|https://www.crouse.org/academics/programs/|https://www.crouse.org/programs|https://www.crouse.org/services/chemical-dependency-treatment-services/programs/|https://www.crouse.org/give/volunteer/programs/,1,majors|programs,1,0,,,3,warning_10_MajorsFound,ok,,0,https://www.collegevine.com/schools/hub/all/d/pomeroy-college-of-nursing-at-crouse-hospital/majors,cv_unresolved,0,,,,,,0,0,0,1,0,0,0,0,1,0,0,0,0,0,0,0,0,1,0,,,0,,,,,,,,,,,,,,,
121345,Pomona College,www.pomona.edu/,Claremont,California,Private not-for-profit,Special Focus: Arts and Sciences,"Lower Access, Higher Earnings",Research Colleges and Universities,Baccalaureate,Special Focus: Arts and Sciences,N/A,Small,Highly residential,Bachelor's,Classified,Not Classified,https://www.pomona.edu/academics/majors/,score=1014;tier=inventory;hubSig=6;listingLinks=50;slugDiv=50;structHits=4;ctrlStructured=16;canonicalHub=1;flags=,403_forbidden_seen,https://www.pomona.edu/majors|https://www.pomona.edu/majors/|https://www.pomona.edu/academics/majors|https://www.pomona.edu/academics/departments|https://www.pomona.edu/academics,1,degrees|majors|minors|programs,1,2,Africana Studies|Africana Studies Major,,16,sufficient majors,ok,,1,https://www.collegevine.com/schools/hub/all/d/pomona-college/majors,passed_ctrl_thresh,1,African-American/Black Studies,Africa|African|Africana,ethnic|ethnicity,Black|black,Race|Racial|race|racial,1,1,1,1,0,1,1,1,1,1,0,1,1,1,1,1,1,1,0,,,0,,,,,,,,,,,,,,,
243081,Ponce Health Sciences University,www.psm.edu/,Ponce,Puerto Rico,Private for-profit,Special Focus: Medical Schools and Centers,Not Classified,Research Colleges and Universities,Graduate-focused,Special Focus: Medical Schools and Centers,Special Focus: Medical Schools and Centers,Small,Primarily online,Doctorate,Not Classified,Not Classified,https://www.psm.edu/programs/,score=410;tier=inventory;hubSig=0;listingLinks=0;slugDiv=0;structHits=1;ctrlStructured=0;canonicalHub=1;flags=,exceptions_seen,https://www.psm.edu/academics/majors-minors|https://www.psm.edu/academics/programs|https://www.psm.edu/programs|https://www.psm.edu/majors-minors|https://www.psm.edu/majors-minors/,0,programs,1,0,,,0,warning_10_MajorsFound,ok,,0,https://www.collegevine.com/schools/hub/all/d/ponce-health-sciences-university/majors,cv_unresolved,0,,,,,,0,0,0,0,0,0,0,0,0,0,0,0,0,0,0,0,0,0,0,,,0,,,,,,,,,,,,,,,
492704,Ponce Health Sciences University-Centro Universitario de San Juan,www.psm.edu/,Santurce,Puerto Rico,Private for-profit,Special Focus: Graduate Studies,Not Classified,"Not classified, not in classification universe",Graduate-focused,Special Focus: Graduate Studies,Mixed,Very Small,Graduate-focused,Master's,Not Classified,Not Classified,https://www.psm.edu/academics/programs/,score=410;tier=inventory;hubSig=0;listingLinks=0;slugDiv=0;structHits=1;ctrlStructured=0;canonicalHub=1;flags=,exceptions_seen,https://www.psm.edu/academics/programs|https://www.psm.edu/academics/majors-minors|https://www.psm.edu/programs/|https://www.psm.edu/academics/majors-minors/|https://www.psm.edu/programs,0,programs,1,0,,,0,warning_10_MajorsFound,ok,,0,https://www.collegevine.com/schools/hub/all/d/ponce-health-sciences-university-centro-universitario-de-san-juan/majors,cv_unresolved,0,,,,,,0,0,0,0,0,0,0,0,0,0,0,0,0,0,0,0,0,0,0,,,0,,,,,,,,,,,,,,,
494807,Ponce Health Sciences University-East,www.psm.edu/,Ponce,Puerto Rico,Private for-profit,Special Focus: Graduate Studies,Not Classified,"Not classified, not in classification universe",Graduate-focused,Special Focus: Graduate Studies,Mixed,Small,Graduate-focused,Doctorate,Not Classified,Not Classified,https://www.psm.edu/majors-minors,score=410;tier=inventory;hubSig=0;listingLinks=0;slugDiv=0;structHits=1;ctrlStructured=0;canonicalHub=1;flags=,exceptions_seen,https://www.psm.edu/academics/programs|https://www.psm.edu/programs|https://www.psm.edu/academics/majors-minors|https://www.psm.edu/programs/|https://www.psm.edu/academics/majors-minors/,0,programs,1,0,,,0,warning_10_MajorsFound,ok,,0,https://www.collegevine.com/schools/hub/all/d/ponce-health-sciences-university-east/majors,cv_unresolved,0,,,,,,0,0,0,0,0,0,0,0,0,0,0,0,0,0,0,0,0,0,0,,,0,,,,,,,,,,,,,,,
494010,Ponce Health Sciences University-St Louis,stlouis.psm.edu/#,St. Louis,Missouri,Private for-profit,Special Focus: Graduate Studies,Not Classified,"Not classified, not in classification universe",Graduate-focused,Special Focus: Graduate Studies,Mixed,Very Small,Graduate-focused,Master's,Not Classified,Not Classified,https://stlouis.psm.edu/programs/,score=612;tier=inventory;hubSig=2;listingLinks=14;slugDiv=14;structHits=3;ctrlStructured=3;canonicalHub=1;flags=,exceptions_seen,https://stlouis.psm.edu/programs|https://stlouis.psm.edu/academics/majors-minors|https://stlouis.psm.edu/majors-minors/|https://stlouis.psm.edu/academics/majors-minors/|https://stlouis.psm.edu/academics/programs/,1,bachelor|degrees|programs,1,0,,,3,warning_10_MajorsFound,ok,,0,https://www.collegevine.com/schools/hub/all/d/ponce-health-sciences-university-st-louis/majors,cv_unresolved,0,,,,,,0,0,0,0,0,0,1,0,0,0,0,1,0,0,0,0,0,1,0,,,0,,,,,,,,,,,,,,,
498289,Pontifex University,www.pontifex.university/,Atlanta,Georgia,Private not-for-profit,Special Focus: Theological Studies,Not Classified,"Not classified, not in classification universe",Graduate-focused,Special Focus:  Theological Studies,Special Focus:  Theological Studies,Very Small,Graduate-focused,Doctorate,Not Classified,Not Classified,http://www.pontifex.university/visitor_catalog_class/add_to_cart?item_id=525249&item_type=Klass,score=172;tier=catalog;hubSig=0;listingLinks=0;slugDiv=0;structHits=3;ctrlStructured=3;canonicalHub=0;flags=,exceptions_seen,https://www.pontifex.university/visitor_catalog_class/add_to_cart?item_id=4950775&item_type=Klass|http://www.pontifex.university/visitor_catalog_class/add_to_cart?item_id=552312&item_type=Klass|http://www.pontifex.university/visitor_catalog_class/add_to_cart?item_id=525058&item_type=Klass|http://www.pontifex.university/visitor_catalog_class/add_to_cart?item_id=525198&item_type=Klass|http://www.pontifex.university/visitor_catalog_class/add_to_cart?item_id=525032&item_type=Klass,1,degrees|minors|programs,1,0,,,3,warning_10_MajorsFound,ok,,0,https://www.collegevine.com/schools/hub/all/d/pontifex-university/majors,cv_unresolved,0,,Africa|African,Ethnicity,Black,Race,0,0,0,0,1,0,0,0,1,0,0,1,0,0,0,0,0,0,0,,,0,,,,,,,,,,,,,,,
241395,Pontifical Catholic University of Puerto Rico-Arecibo,www.pucpr.edu/arecibo,Arecibo,Puerto Rico,Private not-for-profit,Mixed Undergraduate/Graduate-Doctorate Small,"Opportunity Colleges and Universities-Higher Access, Higher Earnings","Not classified, not in classification universe",Undergraduate/Graduate-Doctorate,Mixed,Special Focus: Other Health Professions,Small,"Mostly full-time, not residential",Doctorate,Not Classified,Not Classified,https://www.pucpr.edu/catalog/2526,score=200;tier=catalog;hubSig=0;listingLinks=0;slugDiv=0;structHits=0;ctrlStructured=0;canonicalHub=0;flags=yearHit,exceptions_seen,https://www.pucpr.edu/catalog/20252026|https://www.pucpr.edu/wp-content/uploads/2022/02/Catalogo_carreras_cortas_2019-2024_rev_2021.pdf|https://www.pucpr.edu/oficina-de-admisiones/formularios-de-admisiones/catalogos-academicos/|https://www.pucpr.edu/admisiones/catalogos-academicos/|https://www.pucpr.edu/catalog/,0,BA|BS|programs,1,0,,,0,warning_10_MajorsFound,ok,,0,https://www.collegevine.com/schools/hub/all/d/pontifical-catholic-university-of-puerto-rico-arecibo/majors,cv_unresolved,0,,,ethnicity,,race|racial,0,0,0,0,0,0,0,0,0,0,0,0,0,0,0,0,0,0,0,,,0,,,,,,,,,,,,,,,
243586,Pontifical Catholic University of Puerto Rico-Mayaguez,mayaguez.pucpr.edu/,Mayaguez,Puerto Rico,Private not-for-profit,Professions-focused Baccalaureate Small,"Opportunity Colleges and Universities-Higher Access, Higher Earnings","Not classified, not in classification universe",Baccalaureate,Professions-focused,Professions-focused,Small,"Mostly full-time, not residential",Bachelor's,Not Classified,Not Classified,https://mayaguez.pucpr.edu/,"score=-10000;tier=homepage;hubSig=0;listingLinks=0;slugDiv=0;structHits=0;ctrlStructured=0;canonicalHub=0;flags=thin,soft404",exceptions_seen,,0,,0,0,,,0,warning_10_MajorsFound,ok,,0,https://www.collegevine.com/schools/hub/all/d/pontifical-catholic-university-of-puerto-rico-mayaguez/majors,cv_unresolved,0,,,,,,0,0,0,0,0,0,0,0,0,0,0,0,0,0,0,0,0,0,0,,,0,,,,,,,,,,,,,,,
241410,Pontifical Catholic University of Puerto Rico-Ponce,www.pucpr.edu/,Ponce,Puerto Rico,Private not-for-profit,Mixed Undergraduate/Graduate-Doctorate Medium,"Opportunity Colleges and Universities-Higher Access, Higher Earnings","Not classified, not in classification universe",Undergraduate/Graduate-Doctorate,Mixed,Professions-focused,Medium,Primarily non-residential,Doctorate,Not Classified,Not Classified,https://www.pucpr.edu/catalog/2526,score=200;tier=catalog;hubSig=0;listingLinks=0;slugDiv=0;structHits=0;ctrlStructured=0;canonicalHub=0;flags=yearHit,exceptions_seen,https://www.pucpr.edu/catalog/20252026|https://www.pucpr.edu/wp-content/uploads/2022/02/Catalogo_carreras_cortas_2019-2024_rev_2021.pdf|https://www.pucpr.edu/admisiones/catalogos-academicos/|https://www.pucpr.edu/oficina-de-admisiones/formularios-de-admisiones/catalogos-academicos/|https://www.pucpr.edu/catalog/,0,BA|BS|programs,1,0,,,0,warning_10_MajorsFound,ok,,0,https://www.collegevine.com/schools/hub/all/d/pontifical-catholic-university-of-puerto-rico-ponce/majors,cv_unresolved,0,,,ethnicity,,race|racial,0,0,0,0,0,0,0,0,0,0,0,0,0,0,0,0,0,0,0,,,0,,,,,,,,,,,,,,,
205027,Pontifical College Josephinum,www.pcj.edu/,Columbus,Ohio,Private not-for-profit,Special Focus: Theological Studies,Not Classified,"Not classified, not in classification universe",Baccalaureate,Special Focus:  Theological Studies,Special Focus:  Theological Studies,Very Small,Highly residential,Bachelor's,Not Classified,Not Classified,,,,,0,,0,0,,,0,,no_candidates,,,,,0,,,,,,0,0,0,0,0,0,0,0,0,0,0,0,0,0,0,0,0,0,0,,,0,,,,,,,,,,,,,,,
131405,Pontifical Faculty of the Immaculate Conception at the Dominican House of Studies,www.dhs.edu/,Washington,District of Columbia,Private not-for-profit,Special Focus: Theological Studies,Not Classified,"Not classified, not in classification universe",Graduate-focused,Special Focus:  Theological Studies,Special Focus:  Theological Studies,Very Small,Graduate-focused,Master's,Not Classified,Not Classified,https://www.dhs.edu/about,score=84;tier=other;hubSig=0;listingLinks=0;slugDiv=0;structHits=4;ctrlStructured=1;canonicalHub=0;flags=,exceptions_seen,https://www.dhs.edu/|https://www.dhs.edu/|https://www.dhs.edu/academics|https://www.dhs.edu/academics/academic-resources/|https://www.dhs.edu/about/administration-trustees-overseers/,1,bachelor|degrees|majors|programs,1,0,,,1,warning_10_MajorsFound,ok,,0,https://www.collegevine.com/schools/hub/all/d/pontifical-faculty-of-the-immaculate-conception-at-the-dominican-house-of-studies/majors,cv_unresolved,0,,,,,,0,0,0,0,0,0,0,0,1,0,0,0,0,0,0,0,0,0,0,,,0,,,,,,,,,,,,,,,
455813,Pontifical John Paul II Institute for Studies on Marriage and Family,www.johnpaulii.edu/,Washington,District of Columbia,Private not-for-profit,Special Focus: Theological Studies,Not Classified,"Not classified, not in classification universe",Graduate-focused,Special Focus:  Theological Studies,Special Focus:  Theological Studies,Very Small,Graduate-focused,Master's,Not Classified,Not Classified,https://www.johnpaulii.edu/academics/programs/,score=432;tier=inventory;hubSig=0;listingLinks=0;slugDiv=0;structHits=2;ctrlStructured=3;canonicalHub=1;flags=,429_rate_limited_seen,https://www.johnpaulii.edu/programs/|https://www.johnpaulii.edu/academics/programs|https://www.johnpaulii.edu/programs|https://www.johnpaulii.edu/wp-content/uploads/Final-2023-25-Catalog.pdf|https://www.johnpaulii.edu/academics/pontifical-degrees/licentiate-in-sacred-theology-of-marriage-and-family-s-t-l/,1,BA|bachelor|degrees|majors|programs,1,0,,,3,warning_10_MajorsFound,ok,,0,https://www.collegevine.com/schools/hub/all/d/pontifical-john-paul-ii-institute-for-studies-on-marriage-and-family/majors,cv_unresolved,0,,,ethnic,Blackw|black,,0,0,0,0,0,0,0,0,1,1,0,1,0,0,0,0,0,0,0,,,0,,,,,,,,,,,,,,,
167464,Pope St John XXIII National Seminary,www.psjs.edu/,Weston,Massachusetts,Private not-for-profit,Special Focus: Theological Studies,Not Classified,"Not classified, not in classification universe",Graduate-focused,Special Focus:  Theological Studies,Special Focus:  Theological Studies,Very Small,Graduate-focused,Master's,Not Classified,Not Classified,https://www.psjs.edu/sites/default/files/2025-07/2025-2026%20PSJS%20Catalog.pdf,score=220;tier=catalog;hubSig=0;listingLinks=0;slugDiv=0;structHits=2;ctrlStructured=0;canonicalHub=0;flags=yearHit,exceptions_seen,https://www.psjs.edu/sites/default/files/2024-07/2024-2025%20PSJS%20Catalog%20%28Zwosta%29.pdf|http://www.psjs.edu/formation-catalog|https://www.psjs.edu/formation-catalog|https://www.psjs.edu/alumni-news|https://www.psjs.edu/accreditation,1,BA|BS|bachelor|degrees|majors|minors|programs,1,0,,,1,warning_10_MajorsFound,ok,,0,https://www.collegevine.com/schools/hub/all/d/pope-st-john-xxiii-national-seminary/majors,cv_unresolved,0,,,,Black|blackcatholicmessenger,,0,0,0,0,0,0,0,0,1,0,0,0,0,0,0,0,0,0,0,,,0,,,,,,,,,,,,,,,
121363,Porterville College,www.portervillecollege.edu/,Porterville,California,Public,Mixed Associate Medium,"Higher Access, Medium Earnings","Not classified, not in classification universe",Associate,Mixed,N/A,Medium,"Mostly part-time, not residential",Associate,Not Classified,Not Classified,https://www.portervillecollege.edu/programs-and-classes/programs-certificates-and-degrees/index.html,score=296;tier=inventory;hubSig=0;listingLinks=0;slugDiv=0;structHits=2;ctrlStructured=9;canonicalHub=0;flags=,exceptions_seen,https://www.portervillecollege.edu/programs-and-classes/ce/ce-programs/business.html|https://www.portervillecollege.edu/programs-and-classes/ce/ce-programs/administration-of-justice.html|https://www.portervillecollege.edu/programs-and-classes/academic-and-career-pathways/arts-humanity-social-sciences-and-education-pathway.html|https://www.portervillecollege.edu/programs-and-classes/ce/ce-programs/agriculture.html|https://www.portervillecollege.edu/programs-and-classes/education-careers/index.html,1,BA|BS|bachelor|degrees|majors|programs,1,0,,,9,warning_10_MajorsFound,ok,,0,https://www.collegevine.com/schools/hub/all/d/porterville-college/majors,cv_unresolved,0,,,,,,1,1,0,0,0,0,0,1,1,1,1,1,1,1,0,0,0,0,0,,,0,,,,,,,,,,,,,,,
209746,Portland Community College,www.pcc.edu/,Portland,Oregon,Public,Mixed Associate Large,"Higher Access, Medium Earnings","Not classified, not in classification universe",Associate,Mixed,N/A,Large,"Mostly part-time, not residential",Associate,Not Classified,Not Classified,https://www.pcc.edu/programs/,score=1010;tier=inventory;hubSig=6;listingLinks=94;slugDiv=94;structHits=4;ctrlStructured=15;canonicalHub=1;flags=,exceptions_seen,https://www.pcc.edu/programs|https://www.pcc.edu/programs/asl-studies/|https://www.pcc.edu/programs/chinese/|https://www.pcc.edu/catalog/|https://www.pcc.edu/catalog,1,bachelor|degrees|majors|programs,1,2,"Black Studies, focus award|Ethnic Studies",,15,sufficient majors,ok,,0,https://www.collegevine.com/schools/hub/all/d/portland-community-college/majors,cv_unresolved,0,,,Ethnic,Black,,1,1,0,1,1,1,1,1,1,1,1,1,1,1,1,1,0,0,0,,,0,,,,,,,,,,,,,,,
130183,Post University,www.post.edu/,Waterbury,Connecticut,Private for-profit,Professions-focused Undergraduate/Graduate-Doctorate Large,"Higher Access, Medium Earnings","Not classified, not in classification universe",Undergraduate/Graduate-Doctorate,Professions-focused,Professions-focused,Large,Primarily online,Doctorate,Not Classified,Not Classified,https://www.post.edu/academics/programs,score=454;tier=inventory;hubSig=0;listingLinks=0;slugDiv=0;structHits=5;ctrlStructured=1;canonicalHub=1;flags=,exceptions_seen,https://www.post.edu/academics/programs/|https://www.post.edu/academics/programs-no-longer-offered/|https://www.post.edu/student-services/academic-affairs/university-catalog/|https://www.post.edu/academics/undergraduate-minors|https://www.post.edu/academics/undergraduate-minors/,1,bachelor|degrees|majors|minors|programs,1,0,,,2,warning_10_MajorsFound,ok,,0,https://www.collegevine.com/schools/hub/all/d/post-university/majors,cv_unresolved,0,,,ethnicity,,race,0,0,0,0,0,0,0,0,0,1,0,0,0,1,0,0,0,0,0,,,0,,,,,,,,,,,,,,,
237701,Potomac State College of West Virginia University,www.potomacstatecollege.edu/,Keyser,West Virginia,Public,Mixed Associate/Baccalaureate,"Opportunity Colleges and Universities-Higher Access, Higher Earnings","Not classified, not in classification universe",Associate/Baccalaureate,Mixed,N/A,Small,Highly residential,Bachelor's,Not Classified,Not Classified,https://www.potomacstatecollege.edu/about/a-century-of-excellence,score=80;tier=other;hubSig=0;listingLinks=0;slugDiv=0;structHits=4;ctrlStructured=0;canonicalHub=0;flags=,exceptions_seen,https://www.potomacstatecollege.edu/|https://www.potomacstatecollege.edu/about/by-the-numbers|https://www.potomacstatecollege.edu/about|https://www.potomacstatecollege.edu/communities/future-students|https://www.potomacstatecollege.edu/home,0,bachelor|degrees|majors|programs,1,0,,,0,warning_10_MajorsFound,ok,,0,https://www.collegevine.com/schools/hub/all/d/potomac-state-college-of-west-virginia-university/majors,cv_unresolved,0,,,Ethnicity,Black,,0,0,0,0,0,0,0,0,0,0,0,0,0,0,0,0,0,0,0,,,0,,,,,,,,,,,,,,,
148007,Prairie State College,prairiestate.edu/,Chicago Heights,Illinois,Public,Mixed Associate Medium,"Higher Access, Lower Earnings","Not classified, not in classification universe",Associate,Mixed,N/A,Medium,"Mostly part-time, not residential",Associate,Not Classified,Not Classified,http://catalog.prairiestate.edu/preview_program.php?catoid=12&poid=2298&hl=srt&returnto=search,score=164;tier=catalog;hubSig=0;listingLinks=0;slugDiv=0;structHits=3;ctrlStructured=1;canonicalHub=0;flags=,exceptions_seen,https://prairiestate.edu/academics/liberal-arts-and-social-sciences/art-and-art-history.aspx|https://prairiestate.edu/academics/liberal-arts-and-social-sciences/history.aspx|https://prairiestate.edu/academics/liberal-arts-and-social-sciences/psychology.aspx|https://prairiestate.edu/academics/index.aspx|https://prairiestate.edu/academics/,1,BA|bachelor|degrees|majors|programs,1,3,About African and African American Studies|African and African American Studies|African-African American Studies,,12,sufficient majors,ok,,0,https://www.collegevine.com/schools/hub/all/d/prairie-state-college/majors,cv_unresolved,0,,African,,Black,,1,1,0,1,0,1,1,1,1,1,1,1,0,0,1,1,0,0,0,,,0,,,,,,,,,,,,,,,
227526,Prairie View A & M University,www.pvamu.edu/,Prairie View,Texas,Public,Mixed Undergraduate/Graduate-Master's Large/Medium,"Higher Access, Medium Earnings",Research 2: High Research Spending and Doctorate Production,Undergraduate/Graduate-Master's,Mixed,Professions-focused,Medium,Highly residential,Doctorate,Not Classified,Not Classified,https://www.pvamu.edu/catalog/2526,score=238;tier=catalog;hubSig=0;listingLinks=0;slugDiv=0;structHits=3;ctrlStructured=2;canonicalHub=0;flags=yearHit,429_rate_limited_seen,https://www.pvamu.edu/catalog|https://www.pvamu.edu/catalog/|https://www.pvamu.edu/catalog/20252026|https://www.pvamu.edu/|https://www.pvamu.edu/,1,bachelor|degrees|majors|programs,1,0,,,3,warning_10_MajorsFound,ok,,1,https://www.collegevine.com/schools/hub/all/d/prairie-view-a-and-m-university/majors,passed_ctrl_thresh,0,,African,,Black|black-colleges-and-universities-hbcus,race,0,0,0,0,1,0,0,0,1,0,0,0,0,1,0,0,0,0,0,,,0,,,,,,,,,,,,,,,
155715,Pratt Community College,www.prattcc.edu/,Pratt,Kansas,Public,Mixed Associate Small,"Opportunity Colleges and Universities-Higher Access, Higher Earnings","Not classified, not in classification universe",Associate,Mixed,N/A,Small,Residential,Associate,Not Classified,Not Classified,https://www.prattcc.edu/academics/majors-minors,score=430;tier=inventory;hubSig=0;listingLinks=0;slugDiv=0;structHits=3;ctrlStructured=0;canonicalHub=1;flags=,exceptions_seen,https://www.prattcc.edu/academics/majors|https://www.prattcc.edu/academics/majors/|https://www.prattcc.edu/majors-minors/|https://www.prattcc.edu/majors-minors|https://www.prattcc.edu/academics/majors-minors/,0,degrees|majors|programs,1,0,,,0,warning_10_MajorsFound,ok,,0,https://www.collegevine.com/schools/hub/all/d/pratt-community-college/majors,cv_unresolved,0,,,,,,0,0,0,0,0,0,0,0,0,0,0,0,0,0,0,0,0,0,0,,,0,,,,,,,,,,,,,,,
194578,Pratt Institute-Main,www.pratt.edu/,Brooklyn,New York,Private not-for-profit,"Special Focus: Arts, Music, and Design","Lower Access, Medium Earnings","Not classified, not in classification universe",Undergraduate/Graduate-Master's,"Special Focus: Arts, Music, and Design",Professions-focused,Medium,Primarily residential,Master's,Not Classified,Not Classified,https://www.pratt.edu/programs/,score=456;tier=inventory;hubSig=0;listingLinks=0;slugDiv=0;structHits=4;ctrlStructured=4;canonicalHub=1;flags=,exceptions_seen,https://www.pratt.edu/programs|https://www.pratt.edu/academics/undergraduate-advising/|https://www.pratt.edu/academics/undergraduate-advisement/|https://www.pratt.edu/|https://www.pratt.edu/art/creative-arts-therapy/art-therapy-and-creativity-development-mps-low-residency-program/,1,BA|degrees|majors|minors|programs,1,2,"Black Studies, Minor|School of Liberal Arts and Sciences Black Studies, Minor",,6,warning_10_MajorsFound,ok,,1,https://www.collegevine.com/schools/hub/all/d/pratt-institute-main/majors,failed_ctrl_thresh,0,,African,,Black|black-studies-minor,racial,0,0,0,1,1,0,1,1,1,0,0,1,0,0,0,0,0,0,0,,,0,,,,,,,,,,,,,,,
416458,Premiere Career College,www.premierecollege.edu/,Irwindale,California,Private for-profit,Special Focus: Applied and Career Studies,"Higher Access, Medium Earnings","Not classified, not in classification universe",Associate,Special Focus: Applied and Career Studies,N/A,Very Small,"Mostly full-time, not residential",Associate,Not Classified,Not Classified,,,,,0,,0,0,,,0,,no_candidates,,,,,0,,,,,,0,0,0,0,0,0,0,0,0,0,0,0,0,0,0,0,0,0,0,,,0,,,,,,,,,,,,,,,
493488,Premiere International College,picollege.edu/,Fort Myers,Florida,Private for-profit,Special Focus: Nursing,Not Classified,"Not classified, not in classification universe",Associate,Special Focus: Nursing,N/A,Very Small,"Mostly full-time, not residential",Associate,Not Classified,Not Classified,https://picollege.edu/school-catalog/,score=140;tier=catalog;hubSig=0;listingLinks=0;slugDiv=0;structHits=1;ctrlStructured=0;canonicalHub=0;flags=,exceptions_seen,https://picollege.edu/learn-more/|https://picollege.edu/associate-nursing-degree/|https://picollege.edu/campus-safety-and-security/|https://picollege.edu/about-us/|https://picollege.edu/home/,1,BS|bachelor|degrees|majors|minors|programs,1,0,,,2,warning_10_MajorsFound,ok,,1,https://www.collegevine.com/schools/hub/all/d/american-international-college-aic/majors,failed_ctrl_thresh,0,,Africa|African,,,,0,0,0,0,0,0,0,0,0,0,0,1,0,0,0,0,1,0,0,,,0,,,,,,,,,,,,,,,
218539,Presbyterian College,www.presby.edu/,Clinton,South Carolina,Private not-for-profit,Mixed Undergraduate/Graduate-Doctorate Small,"Lower Access, Medium Earnings","Not classified, not in classification universe",Undergraduate/Graduate-Doctorate,Mixed,Special Focus: Other Health Professions,Small,Highly residential,Doctorate,Not Classified,Not Classified,https://www.presby.edu/academics/programs/,score=438;tier=inventory;hubSig=0;listingLinks=0;slugDiv=0;structHits=3;ctrlStructured=2;canonicalHub=1;flags=,exceptions_seen,https://www.presby.edu/academics/programs|https://www.presby.edu/majors-minors/|https://www.presby.edu/majors-minors|https://www.presby.edu/academics/majors-minors|https://www.presby.edu/programs,1,majors|minors|programs,1,0,,,2,warning_10_MajorsFound,ok,,1,https://www.collegevine.com/schools/hub/all/d/presbyterian-college/majors,passed_ctrl_thresh,0,,,ethnicity,,race,0,1,0,0,0,0,0,0,1,0,0,0,0,0,0,0,0,0,0,,,0,,,,,,,,,,,,,,,
490045,Presbyterian Theological Seminary in America,ptsa.edu/,Santa Fe Springs,California,Private not-for-profit,Special Focus: Theological Studies,Not Classified,"Not classified, not in classification universe",Graduate-focused,Special Focus:  Theological Studies,Special Focus:  Theological Studies,Very Small,Graduate-focused,Master's,Not Classified,Not Classified,https://ptsa.edu/academic/bachelor/6,score=119;tier=other;hubSig=0;listingLinks=0;slugDiv=0;structHits=4;ctrlStructured=1;canonicalHub=0;flags=,5xx_seen,https://ptsa.edu/academic/bachelor/4|https://ptsa.edu/academic/bachelor/5|https://ptsa.edu/academic/bachelor/7|https://ptsa.edu/academic/bachelor/8|https://ptsa.edu/academic,1,BA|BS|bachelor|degrees|majors|programs,1,0,,,1,warning_10_MajorsFound,ok,,0,https://www.collegevine.com/schools/hub/all/d/presbyterian-theological-seminary-in-america/majors,cv_unresolved,0,,,,,,0,0,0,0,0,0,0,0,1,0,0,0,0,0,0,0,0,0,0,,,0,,,,,,,,,,,,,,,
105589,Prescott College,prescott.edu/,Prescott,Arizona,Private not-for-profit,Mixed Undergraduate/Graduate-Master's Small,"Lower Access, Lower Earnings","Not classified, not in classification universe",Undergraduate/Graduate-Master's,Mixed,Professions-focused,Small,Residential,Master's,Not Classified,Not Classified,https://prescott.edu/areas-of-study/,score=448;tier=inventory;hubSig=0;listingLinks=0;slugDiv=0;structHits=4;ctrlStructured=2;canonicalHub=1;flags=,429_rate_limited_seen,https://catalog.prescott.edu/programs|https://prescott.edu/academics/catalog/2526|https://catalog.prescott.edu/academicsundergraduategeneraleducationrequirements/academicsudergraduategeneraleducationrequirements|https://catalog.prescott.edu/academicsundergraduategeneraleducationrequirements/undgraduatedegreerequirements|https://catalog.prescott.edu/academicsundergraduategeneraleducationrequirements/academicsmastersdegreegradreq,1,BA|BS|bachelor|degrees|majors|programs,1,0,,,2,warning_10_MajorsFound,ok,,0,https://www.collegevine.com/schools/hub/all/d/prescott-college/majors,cv_unresolved,0,,,ethnicity,,race,0,0,0,0,0,0,0,0,1,0,0,0,0,0,0,0,1,0,0,,,0,,,,,,,,,,,,,,,
486433,Presidio Graduate School,www.presidio.edu/,San Francisco,California,Private not-for-profit,Special Focus: Graduate Studies,Not Classified,"Not classified, not in classification universe",Graduate-focused,Special Focus: Graduate Studies,Mixed,Very Small,Graduate-focused,Master's,Not Classified,Not Classified,https://www.presidio.edu/programs,score=428;tier=inventory;hubSig=0;listingLinks=0;slugDiv=0;structHits=2;ctrlStructured=2;canonicalHub=1;flags=,exceptions_seen,https://www.presidio.edu/academics/majors-minors/|https://www.presidio.edu/majors-minors|https://www.presidio.edu/programs/|https://www.presidio.edu/academics/programs/|https://www.presidio.edu/majors-minors/,1,degrees|programs,1,0,,,2,warning_10_MajorsFound,ok,,0,https://www.collegevine.com/schools/hub/all/d/presidio-graduate-school/majors,cv_unresolved,0,,,,,,0,0,0,0,0,1,0,0,1,0,0,0,0,0,0,0,0,0,0,,,0,,,,,,,,,,,,,,,
163657,Prince George's Community College,www.pgcc.edu/,Largo,Maryland,Public,Mixed Associate Medium,"Higher Access, Medium Earnings","Not classified, not in classification universe",Associate,Mixed,N/A,Medium,Online and on-campus learning,Associate,Not Classified,Not Classified,https://www.pgcc.edu/programs-courses/transfer-articulation-and-agreements/memorandum-of-understanding-mou-and-campus-partnerships/,score=288;tier=inventory;hubSig=0;listingLinks=0;slugDiv=0;structHits=4;ctrlStructured=2;canonicalHub=0;flags=,exceptions_seen,https://www.pgcc.edu/programs-courses/transfer-articulation-and-agreements/transfer-agreements-via-institutions/|https://www.pgcc.edu/programs-courses/programs-for-high-school-students/upward-bound/|https://www.pgcc.edu/programs-courses/academic-divisions/humanities-english-and-social-sciences-division/|https://www.pgcc.edu/programs-courses/academic-divisions/health-wellness-and-hospitality-division/|https://www.pgcc.edu/programs-courses/academic-divisions/,1,bachelor|degrees|majors|programs,1,0,,,8,warning_10_MajorsFound,ok,,0,https://www.collegevine.com/schools/hub/all/d/prince-georges-community-college/majors,cv_unresolved,0,,African,,Black,,1,1,0,0,0,1,1,1,1,1,0,0,0,1,0,0,0,0,0,,,0,,,,,,,,,,,,,,,
186122,Princeton Theological Seminary,www.ptsem.edu/,Princeton,New Jersey,Private not-for-profit,Special Focus: Theological Studies,Not Classified,"Not classified, not in classification universe",Graduate-focused,Special Focus:  Theological Studies,Special Focus:  Theological Studies,Very Small,Graduate-focused,Master's,Not Classified,Not Classified,https://catalog.ptsem.edu/,score=40;tier=homepage;hubSig=0;listingLinks=0;slugDiv=0;structHits=0;ctrlStructured=0;canonicalHub=0;flags=,403_forbidden_seen,,0,,0,0,,,0,warning_10_MajorsFound,ok,,0,https://www.collegevine.com/schools/hub/all/d/princeton-theological-seminary/majors,cv_unresolved,0,,,,,,0,0,0,0,0,0,0,0,0,0,0,0,0,0,0,0,0,0,0,,,0,,,,,,,,,,,,,,,
148016,Principia College,www.principiacollege.edu/,Elsah,Illinois,Private not-for-profit,Special Focus: Arts and Sciences,Not Classified,"Not classified, not in classification universe",Baccalaureate,Special Focus: Arts and Sciences,N/A,Very Small,Highly residential,Bachelor's,Not Classified,Not Classified,https://www.principiacollege.edu/majors,score=466;tier=inventory;hubSig=0;listingLinks=0;slugDiv=0;structHits=3;ctrlStructured=9;canonicalHub=1;flags=,exceptions_seen,https://www.principiacollege.edu/majors/|https://www.principiacollege.edu/academics/majors-2024|https://www.principiacollege.edu/catalog/|https://www.principiacollege.edu/catalog|https://www.principiacollege.edu/academics/outcomes/experience-makers,1,bachelor|degrees|majors|minors|programs,1,0,,,10,sufficient majors,ok,,1,https://www.collegevine.com/schools/hub/all/d/principia-college/majors,passed_ctrl_thresh,0,,Africa|African,,,,1,1,0,1,0,1,0,1,1,1,1,1,1,0,0,0,0,0,0,,,0,,,,,,,,,,,,,,,
437750,Professional Golfers Career College,www.golfcollege.edu/,Temecula,California,Private for-profit,Professions-focused Associate Small,"Lower Access, Medium Earnings","Not classified, not in classification universe",Associate,Professions-focused,N/A,Very Small,"Mostly full-time, not residential",Associate,Not Classified,Not Classified,https://www.golfcollege.edu/academics/faculty-instructors/,score=80;tier=other;hubSig=0;listingLinks=0;slugDiv=0;structHits=4;ctrlStructured=0;canonicalHub=0;flags=,exceptions_seen,https://www.golfcollege.edu/academics/curriculum/|https://www.golfcollege.edu/golf-program/college-tournaments/|https://www.golfcollege.edu/golf-program/alumni-success-stories/|https://www.golfcollege.edu/|https://www.golfcollege.edu/golf-program/courses-we-play/,0,BA|degrees|minors|programs,1,0,,,0,warning_10_MajorsFound,ok,,0,https://www.collegevine.com/schools/hub/all/d/professional-golfers-career-college/majors,cv_unresolved,0,,Africa|African,,,,0,0,0,0,0,0,0,0,0,0,0,0,0,0,0,0,0,0,0,,,0,,,,,,,,,,,,,,,
205054,Professional Skills Institute,www.proskills.edu/,Maumee,Ohio,Private for-profit,Special Focus: Nursing,"Opportunity Colleges and Universities-Higher Access, Higher Earnings","Not classified, not in classification universe",Associate,Special Focus: Nursing,N/A,Small,"Mostly full-time, not residential",Associate,Not Classified,Not Classified,https://www.proskills.edu/programs/,score=444;tier=inventory;hubSig=0;listingLinks=0;slugDiv=0;structHits=4;ctrlStructured=1;canonicalHub=1;flags=,exceptions_seen,https://www.proskills.edu/programs|https://www.proskills.edu/academics/programs/|https://www.proskills.edu/academics/programs|https://www.proskills.edu/|https://www.proskills.edu/,1,BS|bachelor|degrees|programs,1,0,,,1,warning_10_MajorsFound,ok,,0,https://www.collegevine.com/schools/hub/all/d/professional-skills-institute/majors,cv_unresolved,0,,,,,,0,0,0,0,0,0,0,0,1,0,0,0,0,0,0,0,0,0,0,,,0,,,,,,,,,,,,,,,
493673,Professional University Dr. Carlos J. Borrero Rios,,Hato Rey,Puerto Rico,Private for-profit,Special Focus: Nursing,Not Classified,"Not classified, not in classification universe",Graduate-focused,Special Focus: Nursing,Special Focus: Nursing,Very Small,Graduate-focused,Master's,Not Classified,Not Classified,,,,,0,,0,0,,,0,,error_missing_web_address,,,,,0,,,,,,0,0,0,0,0,0,0,0,0,0,0,0,0,0,0,0,0,0,0,,,0,,,,,,,,,,,,,,,
455770,Providence Christian College,www.providencecc.edu/,Pasadena,California,Private not-for-profit,Special Focus: Arts and Sciences,Not Classified,"Not classified, not in classification universe",Baccalaureate,Special Focus: Arts and Sciences,N/A,Very Small,Highly residential,Bachelor's,Not Classified,Not Classified,https://www.providencecc.edu/wp-content/uploads/2019/10/Academic-Catalog-2013-2014.pdf,score=150;tier=catalog;hubSig=0;listingLinks=0;slugDiv=0;structHits=2;ctrlStructured=0;canonicalHub=0;flags=,403_forbidden_seen,https://www.providencecc.edu/wp-content/uploads/2019/10/Academic-Catalog-2014-2015.pdf|https://www.providencecc.edu/wp-content/uploads/2019/10/2019-2020-Academic-Catalog.pdf|https://www.providencecc.edu/wp-content/uploads/2019/10/2018-2019-Academic-Catalog.pdf|https://www.providencecc.edu/wp-content/uploads/2019/10/2017-2018-Academic-Catalog.pdf|https://www.providencecc.edu/wp-content/uploads/2019/10/2016-2017-Academic-Catalog.pdf,0,BA|BS,1,0,,,0,warning_10_MajorsFound,ok,,0,https://www.collegevine.com/schools/hub/all/d/providence-christian-college/majors,cv_unresolved,0,,,,,,0,0,0,0,0,0,0,0,0,0,0,0,0,0,0,0,0,0,0,,,0,,,,,,,,,,,,,,,
380438,Provo College,www.provocollege.edu/,Provo,Utah,Private for-profit,Special Focus: Nursing,"Higher Access, Medium Earnings","Not classified, not in classification universe",Baccalaureate,Special Focus: Nursing,N/A,Small,"Mostly full-time, not residential",Bachelor's,Not Classified,Not Classified,https://www.provocollege.edu/programs/,score=430;tier=inventory;hubSig=0;listingLinks=9;slugDiv=3;structHits=3;ctrlStructured=0;canonicalHub=1;flags=,exceptions_seen,https://www.provocollege.edu/programs/?s=|https://www.provocollege.edu/programs|https://www.provocollege.edu/programs/bachelors-degree-nursing/|https://www.provocollege.edu/programs/bachelors-degree-nursing/?s=|https://www.provocollege.edu/programs/bachelors-degree-nursing/,1,bachelor|degrees|programs,1,0,,,1,warning_10_MajorsFound,ok,,0,https://www.collegevine.com/schools/hub/all/d/provo-college/majors,cv_unresolved,0,,,,,,0,0,0,0,0,0,0,0,0,0,0,0,0,0,0,0,1,0,0,,,0,,,,,,,,,,,,,,,
127884,Pueblo Community College,www.pueblocc.edu/,Pueblo,Colorado,Public,Professions-focused Associate Large/Medium,"Higher Access, Medium Earnings","Not classified, not in classification universe",Associate,Professions-focused,N/A,Medium,"Mostly part-time, not residential",Bachelor's,Not Classified,Not Classified,https://www.pueblocc.edu/programs?page=0,score=992;tier=inventory;hubSig=6;listingLinks=79;slugDiv=67;structHits=3;ctrlStructured=13;canonicalHub=1;flags=,exceptions_seen,https://www.pueblocc.edu/programs|https://www.pueblocc.edu/programs?page=2|https://www.pueblocc.edu/programs?page=3|https://www.pueblocc.edu/programs?page=1|https://www.pueblocc.edu/programs?page=4,1,bachelor|degrees|programs,1,0,,,13,sufficient majors,ok,,0,https://www.collegevine.com/schools/hub/all/d/pueblo-community-college/majors,cv_unresolved,0,,,,,RACE,1,1,0,1,0,1,1,1,1,1,1,1,1,1,0,1,0,0,0,,,0,,,,,,,,,,,,,,,
241766,Puerto Rico Conservatory of Music,cmpr.edu/,San Juan,Puerto Rico,Public,"Special Focus: Arts, Music, and Design","Lower Access, Higher Earnings","Not classified, not in classification universe",Baccalaureate,"Special Focus: Arts, Music, and Design",Professions-focused,Very Small,"Mostly full-time, not residential",Bachelor's,Not Classified,Not Classified,https://cmpr.edu/programas-universitarios/diploma-graduado-canto/,score=64;tier=other;hubSig=0;listingLinks=0;slugDiv=0;structHits=2;ctrlStructured=1;canonicalHub=0;flags=,exceptions_seen,https://cmpr.edu/programas-universitarios/diploma-graduado-piano/|https://cmpr.edu/programas-universitarios/bachillerato-canto/|https://cmpr.edu/programas-universitarios/maestria-canto/|https://cmpr.edu/programas-universitarios/diploma-graduado-jazz-y-musica-caribena/|https://cmpr.edu/programas-universitarios/bachillerato-educacion-musical/,1,majors|programs,1,0,,,1,warning_10_MajorsFound,ok,,0,https://www.collegevine.com/schools/hub/all/d/puerto-rico-conservatory-of-music/majors,cv_unresolved,0,,,ethnic,,,0,0,0,0,0,0,0,0,0,1,0,0,0,0,0,0,0,0,0,,,0,,,,,,,,,,,,,,,
151102,Purdue University Fort Wayne,www.pfw.edu/,Fort Wayne,Indiana,Public,Professions-focused Undergraduate/Graduate-Master's Large/Medium,"Higher Access, Medium Earnings",Research Colleges and Universities,Undergraduate/Graduate-Master's,Professions-focused,Professions-focused,Medium,Residential,Master's,Not Classified,Not Classified,https://www.pfw.edu/academics-research/majors-minors?program_attribute[]=221,score=873;tier=inventory;hubSig=6;listingLinks=25;slugDiv=25;structHits=6;ctrlStructured=7;canonicalHub=0;flags=,exceptions_seen,https://www.pfw.edu/academics-research/majors-minors?program_attribute[]=211|https://www.pfw.edu/academics-research/majors-minors|https://www.pfw.edu/academics-research/majors-minors?program_attribute[]=481|https://www.pfw.edu/academics-research/majors-minors?program_attribute[]=251|https://www.pfw.edu/academics-research/majors-minors?program_attribute[]=3396,1,BA|BS|degrees|majors|minors|programs,1,0,,,11,sufficient majors,ok,,0,https://www.collegevine.com/schools/hub/all/d/purdue-university-fort-wayne/majors,cv_unresolved,0,,,,Black,,1,0,1,1,0,1,1,0,1,1,0,0,1,1,1,0,1,0,0,,,0,,,,,,,,,,,,,,,
489779,Purdue University Global,www.purdueglobal.edu/,West Lafayette,Indiana,Public,Professions-focused Undergraduate/Graduate-Doctorate Large,Not Classified,"Not classified, not in classification universe",Undergraduate/Graduate-Doctorate,Professions-focused,Professions-focused,Very Large,Primarily online,Doctorate,Not Classified,Not Classified,https://www.purdueglobal.edu/programs,score=460;tier=inventory;hubSig=0;listingLinks=0;slugDiv=0;structHits=4;ctrlStructured=5;canonicalHub=1;flags=,exceptions_seen,https://www.purdueglobal.edu/programs/|https://www.purdueglobal.edu/degree-programs/bachelors-degrees/|https://www.purdueglobal.edu/degree-programs/business/exceltrack-bachelor-business-administration/|https://www.purdueglobal.edu/degree-programs/business/online-bachelor-accounting-degree/|https://www.purdueglobal.edu/degree-programs/business/bachelor-business-administration/,1,BS|bachelor|degrees|majors|programs,1,0,,,6,warning_10_MajorsFound,ok,,1,https://www.collegevine.com/schools/hub/all/d/purdue-university-global/majors,passed_ctrl_thresh,1,African-American/Black Studies,,,,,0,1,0,0,0,1,1,0,0,0,0,1,1,0,0,0,1,0,0,,,0,,,,,,,,,,,,,,,
490805,Purdue University Northwest,www.pnw.edu/,Hammond,Indiana,Public,Professions-focused Undergraduate/Graduate-Master's Large/Medium,Not Classified,Research Colleges and Universities,Undergraduate/Graduate-Master's,Professions-focused,Professions-focused,Medium,Residential,Master's,Not Classified,Not Classified,https://www.pnw.edu/programs,score=410;tier=inventory;hubSig=0;listingLinks=0;slugDiv=0;structHits=1;ctrlStructured=0;canonicalHub=1;flags=,exceptions_seen,https://www.pnw.edu/programs/|https://www.pnw.edu/catalog/|https://www.pnw.edu/catalog/2526|https://www.pnw.edu/catalog|https://www.pnw.edu/catalog/20252026,1,degrees|majors|programs,1,0,,,1,warning_10_MajorsFound,ok,,0,https://www.collegevine.com/schools/hub/all/d/purdue-university-northwest/majors,cv_unresolved,0,,,,,,0,0,0,0,0,0,0,0,0,0,0,0,0,1,0,0,0,0,0,,,0,,,,,,,,,,,,,,,
199412,Queens University of Charlotte,www.queens.edu/,Charlotte,North Carolina,Private not-for-profit,Professions-focused Undergraduate/Graduate-Master's Small,"Lower Access, Medium Earnings","Not classified, not in classification universe",Undergraduate/Graduate-Master's,Professions-focused,Professions-focused,Small,Highly residential,Master's,Not Classified,Not Classified,https://www.queens.edu/academics/programs,score=436;tier=inventory;hubSig=0;listingLinks=0;slugDiv=0;structHits=2;ctrlStructured=4;canonicalHub=1;flags=,exceptions_seen,https://www.queens.edu/academics/programs/|https://www.queens.edu/academics/programs-of-study/|https://www.queens.edu/search/departments/|https://www.queens.edu/registrar/academic-catalogs/|https://www.queens.edu/president/senior-leadership-team/,1,BA|BS|bachelor|degrees|majors|programs,1,0,,,4,warning_10_MajorsFound,ok,,0,https://www.collegevine.com/schools/hub/all/d/queens-university-of-charlotte/majors,cv_unresolved,0,,,,,,0,1,0,0,0,0,0,0,1,1,0,1,0,0,0,0,0,0,0,,,0,,,,,,,,,,,,,,,
167525,Quincy College,www.quincycollege.edu/,Quincy,Massachusetts,Public,Professions-focused Associate Large/Medium,"Higher Access, Lower Earnings","Not classified, not in classification universe",Associate,Professions-focused,N/A,Medium,"Mostly part-time, not residential",Bachelor's,Not Classified,Not Classified,https://www.quincycollege.edu/academic-catalog/2526,score=274;tier=catalog;hubSig=0;listingLinks=0;slugDiv=0;structHits=5;ctrlStructured=6;canonicalHub=0;flags=yearHit,429_rate_limited_seen,https://www.quincycollege.edu/course-catalog/2526|https://www.quincycollege.edu/course-catalog|https://www.quincycollege.edu/course-catalog/|https://www.quincycollege.edu/|https://www.quincycollege.edu/,1,BS|bachelor|degrees|majors|programs,1,0,,,6,warning_10_MajorsFound,ok,,0,https://www.collegevine.com/schools/hub/all/d/quincy-college/majors,cv_unresolved,0,,,,,,0,0,0,0,0,1,1,0,1,1,0,0,1,1,0,0,0,0,0,,,0,,,,,,,,,,,,,,,
148131,Quincy University,www.quincy.edu/,Quincy,Illinois,Private not-for-profit,Professions-focused Baccalaureate Small,"Lower Access, Medium Earnings","Not classified, not in classification universe",Baccalaureate,Professions-focused,Special Focus: Business,Small,Highly residential,Bachelor's,Not Classified,Not Classified,https://www.quincy.edu/,score=64;tier=homepage;hubSig=0;listingLinks=0;slugDiv=0;structHits=2;ctrlStructured=1;canonicalHub=0;flags=,429_rate_limited_seen,https://www.quincy.edu/|https://catalog.quincy.edu/,1,degrees|programs,1,0,,,1,warning_10_MajorsFound,ok,,0,https://www.collegevine.com/schools/hub/all/d/quincy-university/majors,cv_unresolved,0,,,,,,0,0,0,0,0,0,0,0,1,0,0,0,0,0,0,0,0,0,0,,,0,,,,,,,,,,,,,,,
130226,Quinnipiac University,www.qu.edu/,Hamden,Connecticut,Private not-for-profit,Professions-focused Undergraduate/Graduate-Doctorate Medium,"Lower Access, Higher Earnings","Not classified, not in classification universe",Undergraduate/Graduate-Doctorate,Professions-focused,Professions-focused,Medium,Highly residential,Doctorate,Not Classified,Not Classified,https://www.qu.edu/programs,score=454;tier=inventory;hubSig=0;listingLinks=0;slugDiv=0;structHits=5;ctrlStructured=1;canonicalHub=1;flags=,exceptions_seen,https://www.qu.edu/programs/|https://www.qu.edu/majors|https://www.qu.edu/majors/|https://www.qu.edu/schools/arts-and-sciences/programs/|https://www.qu.edu/schools/engineering/programs/,1,BA|BS|bachelor|degrees|majors|minors|programs,1,1,Lean Six Sigma - Black Belt Undergraduate Certificate On Campus,,15,sufficient majors,ok,,1,https://www.collegevine.com/schools/hub/all/d/quinnipiac-university/majors,passed_ctrl_thresh,0,,,,Black|Blackboard,,1,1,0,1,0,1,1,1,1,1,1,1,1,1,1,0,1,1,0,,,0,,,,,,,,,,,,,,,
167534,Quinsigamond Community College,www.qcc.edu/,Worcester,Massachusetts,Public,Professions-focused Associate Large/Medium,"Higher Access, Medium Earnings","Not classified, not in classification universe",Associate,Professions-focused,N/A,Medium,"Mostly part-time, not residential",Associate,Not Classified,Not Classified,https://www.qcc.edu/programs,score=442;tier=inventory;hubSig=0;listingLinks=0;slugDiv=0;structHits=1;ctrlStructured=8;canonicalHub=1;flags=,exceptions_seen,https://www.qcc.edu/programs/|https://www.qcc.edu/learn-qcc/catalog|https://www.qcc.edu/catalog|http://www.qcc.edu/learn-qcc/catalog|https://www.qcc.edu/catalog/,1,BA|BS|bachelor|degrees|majors|minors|programs,1,0,,,13,sufficient majors,ok,,0,https://www.collegevine.com/schools/hub/all/d/quinsigamond-community-college/majors,cv_unresolved,0,,African,ethnic|ethnicity,Blackboard,race,1,1,0,1,0,1,1,1,1,1,1,1,1,1,1,0,0,0,0,,,0,,,,,,,,,,,,,,,
384421,Rabbi Jacob Joseph School,,Edison,New Jersey,Private not-for-profit,Special Focus: Theological Studies,Not Classified,"Not classified, not in classification universe",Baccalaureate,Special Focus:  Theological Studies,N/A,Very Small,Highly residential,Bachelor's,Not Classified,Not Classified,,,,,0,,0,0,,,0,,error_missing_web_address,,,,,0,,,,,,0,0,0,0,0,0,0,0,0,0,0,0,0,0,0,0,0,0,0,,,0,,,,,,,,,,,,,,,
194657,Rabbinical Academy Mesivta Rabbi Chaim Berlin,,Brooklyn,New York,Private not-for-profit,Special Focus: Theological Studies,Not Classified,"Not classified, not in classification universe",Graduate-focused,Special Focus:  Theological Studies,Special Focus:  Theological Studies,Very Small,Graduate-focused,Master's,Not Classified,Not Classified,,,,,0,,0,0,,,0,,error_missing_web_address,,,,,0,,,,,,0,0,0,0,0,0,0,0,0,0,0,0,0,0,0,0,0,0,0,,,0,,,,,,,,,,,,,,,
194693,Rabbinical College Beth Shraga,,Monsey,New York,Private not-for-profit,Special Focus: Theological Studies,Not Classified,"Not classified, not in classification universe",Associate/Baccalaureate,Special Focus:  Theological Studies,N/A,Very Small,Highly residential,Bachelor's,Not Classified,Not Classified,,,,,0,,0,0,,,0,,error_missing_web_address,,,,,0,,,,,,0,0,0,0,0,0,0,0,0,0,0,0,0,0,0,0,0,0,0,,,0,,,,,,,,,,,,,,,
194666,Rabbinical College Bobover Yeshiva Bnei Zion,rabbinicalcollegeboboveryeshiva.edu/,Brooklyn,New York,Private not-for-profit,Special Focus: Theological Studies,Not Classified,"Not classified, not in classification universe",Baccalaureate,Special Focus:  Theological Studies,Special Focus:  Theological Studies,Very Small,Primarily residential,Bachelor's,Not Classified,Not Classified,https://www.rabbinicalcollegeboboveryeshiva.edu/_files/ugd/ffcb35_3d592a5c0bf04b02b0c821d963c994fa.pdf,score=60;tier=other;hubSig=0;listingLinks=0;slugDiv=0;structHits=2;ctrlStructured=0;canonicalHub=0;flags=,exceptions_seen,https://www.rabbinicalcollegeboboveryeshiva.edu/_files/ugd/ffcb35_1cc69d7481534a3ea28db3a0741a2533.pdf|https://www.rabbinicalcollegeboboveryeshiva.edu/_files/ugd/ffcb35_8909f0c7d13d41a19c9422c425fbfe89.pdf|https://www.rabbinicalcollegeboboveryeshiva.edu/_files/ugd/ffcb35_332de86dcaca45f8af59e81be1bf3c98.pdf|https://www.rabbinicalcollegeboboveryeshiva.edu/_files/ugd/ffcb35_8a49bac41cb749d0ba291bab2ea73571.pdf|https://www.rabbinicalcollegeboboveryeshiva.edu/_files/ugd/ffcb35_7b054e6852fa48c58be2cace808b7de8.pdf,0,BA|BS,1,0,,,0,warning_10_MajorsFound,ok,,0,https://www.collegevine.com/schools/hub/all/d/rabbinical-college-bobover-yeshiva-bnei-zion/majors,cv_unresolved,0,,,,,,0,0,0,0,0,0,0,0,0,0,0,0,0,0,0,0,0,0,0,,,0,,,,,,,,,,,,,,,
186186,Rabbinical College of America,www.rca.edu/,Morristown,New Jersey,Private not-for-profit,Special Focus: Theological Studies,Not Classified,"Not classified, not in classification universe",Baccalaureate,Special Focus:  Theological Studies,Special Focus:  Theological Studies,Very Small,Highly residential,Bachelor's,Not Classified,Not Classified,,,,,0,,0,0,,,0,,no_candidates,,,,,0,,,,,,0,0,0,0,0,0,0,0,0,0,0,0,0,0,0,0,0,0,0,,,0,,,,,,,,,,,,,,,
194736,Rabbinical College of Long Island,,Long Beach,New York,Private not-for-profit,Special Focus: Theological Studies,Not Classified,"Not classified, not in classification universe",Associate/Baccalaureate,Special Focus:  Theological Studies,N/A,Very Small,Highly residential,Bachelor's,Not Classified,Not Classified,,,,,0,,0,0,,,0,,error_missing_web_address,,,,,0,,,,,,0,0,0,0,0,0,0,0,0,0,0,0,0,0,0,0,0,0,0,,,0,,,,,,,,,,,,,,,
